noun_id,class_key,relevant
0,aeropress,True
1,air,False
2,alarm,False
3,alcohol,True
4,almond,True
5,almond:canned,True
6,aluminium,False
7,angle:blade,True
8,app,False
9,apple,True
10,apron,False
11,arm,False
12,artichoke,True
13,asparagus,True
14,aubergine,True
15,avocado,True
16,back:teaspoon,True
17,backpack,False
18,bacon,True
19,bag,False
20,bag:apple,True
21,bag:bin,False
22,bag:bread,True
23,bag:bread:plastic,True
24,bag:bread:wrap,True
25,bag:breadcrumb,True
26,bag:breadstick,True
27,bag:capsule,False
28,bag:carrier,False
29,bag:carrot,True
30,bag:carrot:packing,True
31,bag:cereal,True
32,bag:cheese,True
33,bag:coconut,True
34,bag:coffee,True
35,bag:coffee:bean,True
36,bag:compost,False
37,bag:coriander,True
38,bag:crisp,True
39,bag:empty,False
40,bag:fish,True
41,bag:flour,True
42,bag:flower,False
43,bag:folded,False
44,bag:food,True
45,bag:food:bin,False
46,bag:garbage,False
47,bag:garlic,True
48,bag:ginger,True
49,bag:glove,True
50,bag:grape,True
51,bag:grocery,False
52,bag:herb,True
53,bag:kitchen,True
54,bag:mesh,True
55,bag:mozzarella,True
56,bag:new,False
57,bag:noodle,True
58,bag:nut,True
59,bag:oatmeal,True
60,bag:onion,True
61,bag:open:pine:nut,True
62,bag:oregano,True
63,bag:packing,False
64,bag:paddleboard,False
65,bag:pasta,True
66,bag:pine:nut,True
67,bag:pistachio,True
68,bag:plastic,False
69,bag:plastic:trash,False
70,bag:potato,True
71,bag:rice,True
72,bag:rubbish,False
73,bag:salad,True
74,bag:salt,True
75,bag:sandwich,True
76,bag:shopping,False
77,bag:spaghetti,True
78,bag:spice:plastic,True
79,bag:spring:onion,True
80,bag:sugar,True
81,bag:sweetcorn,True
82,bag:tea,True
83,bag:toast:bread,True
84,bag:tomato,True
85,bag:tortilla,True
86,bag:tortilla:plastic,True
87,bag:trash,False
88,bagel,True
89,bagel:release,True
90,balance,False
91,ball,False
92,ball:dough,True
93,ball:flour,True
94,ball:mozzarella,True
95,banana,True
96,band:rubber,False
97,bao,True
98,bar:breakfast,True
99,bar:cereal,True
100,bar:chocolate,True
101,base,False
102,base:baking:tin,True
103,base:cake:container,True
104,base:coffee:machine,True
105,base:pie:dish,True
106,base:pizza,True
107,base:power,False
108,basil,True
109,basin,False
110,basket,False
111,basket:cutlery,True
112,basket:laundry,False
113,basket:washing,False
114,basket:waste,True
115,battery,False
116,beaker,False
117,bean,True
118,bean:baked,True
119,bean:coffee,True
120,bean:green,True
121,bean:kidney,True
122,beef,True
123,beer,True
124,beer:more,True
125,belly:pork,True
126,bench,False
127,berry,True
128,bin,False
129,bin:bread,False
130,bin:compost,False
131,bin:dust,False
132,bin:food,False
133,bin:food:recycling,False
134,bin:garbage,False
135,bin:leftover:food,False
136,bin:new,False
137,bin:other,False
138,bin:recycling,False
139,bin:rolling,False
140,bin:rubbish,False
141,bin:trash,False
142,biscuit,True
143,bit:bell:pepper,True
144,bit:bread,True
145,bit:butter,True
146,bit:carrot,True
147,bit:cheese,True
148,bit:cheese:packet,True
149,bit:chilli,True
150,bit:choi,True
151,bit:courgette,True
152,bit:cucumber,True
153,bit:dishwasher,False
154,bit:dust,False
155,bit:food,True
156,bit:food:processor,True
157,bit:garbage,False
158,bit:garlic,True
159,bit:hummus,True
160,bit:leaf,False
161,bit:meat,True
162,bit:onion,True
163,bit:pak:choi,True
164,bit:pear,True
165,bit:pepper,True
166,bit:plastic,False
167,bit:potato,True
168,bit:processor,True
169,bit:salad,True
170,bit:sink,True
171,bit:tupperware,True
172,bit:white,False
173,bite,False
174,blackberry,True
175,blade,True
176,blade:chopping,True
177,blade:food:processor:chopping,True
178,blade:peeler,True
179,blender,True
180,blender:coffee,True
181,blender:hand,False
182,blind,False
183,block,False
184,block:chopping,True
185,block:tofu,True
186,blood,False
187,blueberry,True
188,blueberry:opening,True
189,board,True
190,board:chipping,True
191,board:chop,True
192,board:chopping,True
193,board:cut,True
194,board:cutting,True
195,board:draining,True
196,board:drying,True
197,board:eating,True
198,board:serving,True
199,board:side,True
200,board:washing,False
201,board:white,True
202,boiler,True
203,boiler:water,True
204,bone:chicken,True
205,book,False
206,book:recipe,True
207,booklet:instruction,False
208,booklet:recipe,True
209,border:omelet,True
210,border:omelette,True
211,bottle,False
212,bottle:bean:curd,True
213,bottle:coke,True
214,bottle:cooking:wine,True
215,bottle:fabric:conditioner,False
216,bottle:fallen:oil,True
217,bottle:gin,True
218,bottle:liquid,False
219,bottle:little,False
220,bottle:milk,True
221,bottle:nesquik,True
222,bottle:oil,True
223,bottle:olive:oil,True
224,bottle:passata,True
225,bottle:pesto,True
226,bottle:rice:vinegar,True
227,bottle:sauce,True
228,bottle:something,False
229,bottle:soy:sauce,True
230,bottle:spice,True
231,bottle:squash,True
232,bottle:tonic:water,True
233,bottle:vanilla:extract,True
234,bottle:vegetable:oil,True
235,bottle:vinegar,True
236,bottle:washing:liquid,False
237,bottle:water,True
238,bottle:wine,True
239,bottom:aeropress,True
240,bottom:bottle,False
241,bottom:carrot,True
242,bottom:leek,True
243,bottom:onion,True
244,bottom:pan,True
245,bottom:processor,True
246,bottom:saucepan,True
247,bottom:sink,True
248,bottom:sponge,False
249,bottom:spring:form,True
250,bottom:springform:tin,True
251,boundary:cake:mould,True
252,bowl,True
253,bowl:big,True
254,bowl:carrot,True
255,bowl:cereal,True
256,bowl:cheese,True
257,bowl:cherry,True
258,bowl:cooker,True
259,bowl:corn,True
260,bowl:covered,True
261,bowl:dough,True
262,bowl:egg,True
263,bowl:food:processor,True
264,bowl:fruit,True
265,bowl:glass,True
266,bowl:inside,True
267,bowl:juicer,True
268,bowl:large,True
269,bowl:lemon:zest,True
270,bowl:lettuce,True
271,bowl:meat,True
272,bowl:milk,True
273,bowl:mushroom,True
274,bowl:oatmeal,True
275,bowl:onion,True
276,bowl:plastic,True
277,bowl:plate,True
278,bowl:processor,True
279,bowl:raspberry,True
280,bowl:rice:cooker,True
281,bowl:salad,True
282,bowl:saucepan,True
283,bowl:second,True
284,bowl:serving,True
285,bowl:several,True
286,bowl:small,True
287,bowl:soup,True
288,bowl:sugar,True
289,bowl:tomato,True
290,bowl:washing,False
291,bowl:washing:up,False
292,bowl:yoghurt,True
293,box,False
294,box:bean:curd,True
295,box:blender,True
296,box:blueberry,True
297,box:bread,True
298,box:breadstick,True
299,box:carrot,True
300,box:cereal,True
301,box:cheese,True
302,box:cherry:tomato,True
303,box:cling:film,False
304,box:coffee,True
305,box:egg,True
306,box:egg:carton,True
307,box:empty,False
308,box:fajitas,True
309,box:filter,True
310,box:folding,False
311,box:food,True
312,box:fruit,True
313,box:ice:cream,True
314,box:lunch,True
315,box:meat,True
316,box:milk,True
317,box:mushroom,True
318,box:noodle,True
319,box:olive,True
320,box:paper,True
321,box:pasta,True
322,box:pitta:bread,True
323,box:pizza,True
324,box:plastic,False
325,box:recycling,False
326,box:rice,True
327,box:salad,True
328,box:salt,True
329,box:sausage,True
330,box:scotch:egg,True
331,box:small,False
332,box:stock:container,True
333,box:tea,True
334,box:tomato,True
335,box:washing:powder,False
336,box:water,True
337,box:yeast,True
338,boxer,False
339,bread,True
340,bread:avocado,True
341,bread:hamburger,True
342,bread:packing,True
343,bread:pitta,True
344,bread:sandwich,True
345,bread:toast,True
346,bread:white,True
347,breadcrumb,True
348,breadstick,True
349,breast:chicken,True
350,breast:turkey,True
351,broccoli,True
352,broccoli:pour,True
353,broccoli:stem,True
354,broccoli:tenderstem,True
355,broom,False
356,broth,True
357,brush,False
358,brush:dish,True
359,brush:pastry,True
360,brush:washing:up,False
361,brusher,False
362,bucket,False
363,bucket:rice:cooker,True
364,bulb,False
365,bulb:garlic,True
366,bun,True
367,bun:bao,True
368,bun:hamburger,True
369,bun:steamed,True
370,bundle,False
371,burger,True
372,burger:chicken,True
373,burger:tuna,True
374,burner,True
375,butter,True
376,butter:excess,True
377,butter:melted,True
378,butter:melting,True
379,butter:more,True
380,butter:peanut,True
381,butter:remaining,True
382,button,False
383,button:timer,False
384,cab,False
385,cabbage,True
386,cabbage:cooked,True
387,cabinet,True
388,cable,False
389,cafetiere,True
390,cage,False
391,cake,True
392,cake:fish,True
393,cake:rice,True
394,camera,False
395,can,True
396,can:kidney:bean,True
397,can:soup,True
398,can:tin,True
399,can:tomato,True
400,can:trash,False
401,candle,False
402,candy,True
403,cap,False
404,cap:bottle,False
405,cap:burner,True
406,cap:liquid,False
407,cap:milk,True
408,cap:oil,True
409,cap:olive:oil,True
410,cap:salt,True
411,cap:sauce,True
412,cap:sink,True
413,cap:vinegar,True
414,caper,True
415,capsule,False
416,capsule:coffee,True
417,carafe,True
418,card,False
419,cardboard,False
420,cardigan,False
421,carrot,True
422,carrot:diced,True
423,carrot:tail,True
424,carton,True
425,carton:egg,True
426,carton:juice,True
427,carton:soy:milk,True
428,case,False
429,case:thermometer,False
430,casserole,True
431,catcher:sink,True
432,cd,False
433,celery,True
434,cellar:pepper,True
435,cellar:salt,True
436,centre:plate,True
437,centre:tomato,True
438,cereal,True
439,chair,False
440,channel,False
441,cheese,True
442,cheese:cream,True
443,cheese:feta,True
444,cheese:grated,True
445,cheese:more,True
446,cheese:open,True
447,cheese:parmesan,True
448,cheese:remaining,True
449,cherry,True
450,cherry:frozen,True
451,chicken,True
452,chickpea,True
453,chilli,True
454,chilli:green,True
455,chilli:red,True
456,chip,True
457,chocolate,True
458,choi:pak,True
459,chopper:half:moon,True
460,chopper:moon,True
461,choppings:carrot,True
462,choppings:onion,True
463,chopstick,True
464,chopstick:fork,True
465,chorizo,True
466,chunk:carrot,True
467,chunk:dough,True
468,chunk:pear,True
469,chunk:pork:belly,True
470,chunk:rennet:tablet,True
471,ciabatta,True
472,cilantro,True
473,cinnamon,True
474,clam,True
475,cleaner,False
476,cleanser,False
477,clip,False
478,clip:bag,False
479,clip:clip:top:jar,True
480,clip:laundry,False
481,clip:top:jar,True
482,clock:microwave:oven,False
483,clock:oven,False
484,clog,False
485,closet,False
486,cloth,False
487,cloth:cleaning,False
488,cloth:dish,True
489,cloth:table,False
490,cloth:washing,False
491,cloth:wiping,False
492,clothe,False
493,clothes,False
494,clove,True
495,clove:garlic,True
496,coaster,False
497,cob,False
498,cob:corn,True
499,coconut,True
500,coffee,True
501,coffee:mug,True
502,coke,True
503,colander,True
504,colander:soap,False
505,collar:shirt,False
506,compartment,False
507,compartment:battery,False
508,component:drawer,False
509,compost,False
510,computer,False
511,condiment,True
512,container,True
513,container:cake,True
514,container:cheese,True
515,container:coffee,True
516,container:coffee:bean,True
517,container:coffee:ground,True
518,container:cream:cheese,True
519,container:empty,True
520,container:food,True
521,container:ground:coffee,True
522,container:inside,True
523,container:milk,True
524,container:oil,True
525,container:pasta,True
526,container:pepper,True
527,container:plastic,True
528,container:pod,True
529,container:rice,True
530,container:salt,True
531,container:sauce,True
532,container:soap,False
533,container:spice,True
534,container:stock,True
535,container:sugar,True
536,container:tofu,True
537,container:tomato,True
538,container:tupperware,True
539,container:water,True
540,content,False
541,content:bag,False
542,content:bowl,True
543,content:box,False
544,content:cupboard,False
545,content:drawer,False
546,content:fridge,True
547,content:frying:pan,True
548,content:mug,True
549,content:pan,True
550,content:plate,True
551,content:sink:strainer,True
552,content:tupperware,True
553,content:water:boiler,True
554,control:remote,False
555,cooker,True
556,cooker:electric,True
557,cooker:flame,True
558,cooker:rice,True
559,cooker:slow,True
560,cooker:steam,True
561,cooker:water,True
562,cookie,True
563,cord:power,False
564,core,False
565,core:apple,True
566,core:pepper,True
567,coriander,True
568,cork,False
569,corkscrew,True
570,corn,True
571,corn:salt,True
572,corn:sweet,True
573,corncob,True
574,counter,True
575,counter:kitchen,True
576,counter:sink,True
577,countertop,True
578,courgette,True
579,cover,False
580,cover:battery,False
581,cover:blender,True
582,cover:bottom,False
583,cover:can,True
584,cover:dish,True
585,cover:food:processor,True
586,cover:hob,True
587,cover:juicer,True
588,cover:microwave,True
589,cover:mug,True
590,cover:pen,False
591,cover:plastic,False
592,cover:plate,True
593,cover:pot,True
594,cover:processor,True
595,cover:salt,True
596,cover:squeezer,True
597,cover:thermometer,True
598,cover:tin,True
599,cracker,True
600,cracker:crushed,True
601,cream,True
602,cream:ice,True
603,cream:milk,True
604,cream:remaining:ice,True
605,crisp,True
606,croissant,True
607,crumb,True
608,crumb:bread,True
609,crumb:rennet:tablet,True
610,crumbles,False
611,crumbles:chocolate,True
612,crust,True
613,crust:bread,True
614,cube,False
615,cube:butter,True
616,cube:gravy,True
617,cube:ice,True
618,cube:small,False
619,cube:stock,True
620,cucumber,True
621,cucumber:chopped,True
622,cucumber:cut,True
623,cucumber:sliced,True
624,cumin,True
625,cup,True
626,cup:coffee,True
627,cup:flour,True
628,cup:measuring,True
629,cup:milk,True
630,cup:small,True
631,cup:soap,False
632,cup:tea,True
633,cup:water,True
634,cupboard,False
635,cupboard:open,False
636,cupboard:salt,True
637,cupboard:strainer,True
638,curd,True
639,curd:bean,True
640,curd:cheese,True
641,curd:cooked:bean,True
642,curd:lemon,True
643,curd:salted:bean,True
644,curry,True
645,curry:fish,True
646,curry:potato,True
647,cut:cold,True
648,cutlery,True
649,cutter:pizza,True
650,cylinder,False
651,cylinder:covered,False
652,cylinder:measuring,True
653,cylinder:paper,True
654,dal:chana,True
655,dal:urad,True
656,degreaser,False
657,depth:water,True
658,desk,False
659,dessert:covered:chocolate,True
660,detergent,False
661,device:cutting,True
662,device:wooden,True
663,dial,False
664,dice:courgette,True
665,dirt,False
666,dish,True
667,dish:dirty,True
668,dish:meat,True
669,dish:oven,True
670,dish:soap,False
671,dish:tomato,True
672,dish:tortilla,True
673,dishcloth,False
674,dishrag,False
675,dishwasher,False
676,dishwater,False
677,dispenser:soap,False
678,display:oven,False
679,dissolve:sugar,True
680,dock,False
681,dog:hot,True
682,doneness:meat,True
683,door,False
684,door:cabinet,False
685,door:cupboard,False
686,door:dishwasher,False
687,door:freezer,False
688,door:fridge,False
689,door:kitchen,True
690,door:microwave,False
691,door:oven,False
692,door:refrigerator,False
693,door:washing:machine,False
694,door:washing:washing,False
695,doritos,True
696,dough,True
697,dough:bread,True
698,dough:excess,True
699,dough:half,True
700,dough:remaining,True
701,drain,False
702,drainer,True
703,drainer:dish,True
704,drainer:sink,True
705,draw,False
706,drawer,False
707,drawer:close,False
708,drawer:coffee:machine,True
709,drawer:cutlery,False
710,drawer:dishwasher,False
711,drawer:freezer,False
712,drawer:fridge,False
713,drawer:open,False
714,drawer:other,False
715,drawer:oven,False
716,drawer:refrigerator,False
717,drawer:spice,True
718,drawer:vegetable,True
719,drawer:washing:machine,False
720,dressing,True
721,dressing:salad,True
722,drink,True
723,drink:almond,True
724,driver:screw,False
725,drum,False
726,drum:measuring,True
727,dryer,False
728,dumpling,True
729,dust,False
730,dustbin,False
731,duster,False
732,dustpan,False
733,edge:bowl,True
734,edge:carrot,True
735,edge:dough,True
736,edge:omelette,True
737,edge:paper,True
738,egg,True
739,egg:breadcrumb,True
740,egg:distribute,True
741,egg:fried,True
742,egg:open,True
743,egg:scotch,True
744,egg:second,True
745,egg:whisked,True
746,eggshell,False
747,eggshell:little,False
748,element:rice:cooker:heating,True
749,end:aubergine,True
750,end:bread,True
751,end:carrot,True
752,end:chilli,True
753,end:choi,True
754,end:cucumber,True
755,end:foil:paper,True
756,end:leek,True
757,end:milk:bottle,True
758,end:onion,True
759,end:spatula,True
760,end:teaspoon,True
761,end:thermometer,True
762,end:tomato,True
763,envelope,False
764,envelope:oregano,True
765,excess:water,True
766,extract:vanilla,True
767,extractor,False
768,face,False
769,fan,False
770,fan:extractor,False
771,fat,True
772,file,False
773,film,False
774,film:butter,True
775,film:cling,False
776,film:cucumber,True
777,film:plastic,False
778,filter,True
779,filter:aeropress,True
780,filter:coffee,True
781,filter:coffee:maker,True
782,filter:fill:water,True
783,filter:moka:pot,True
784,filter:more:water,True
785,filter:sink,True
786,filter:tap:water,True
787,filter:teapot,True
788,filter:v60,True
789,filter:water,True
790,finger,False
791,finger:fish,True
792,finger:lady,False
793,finger:rubber:glove,True
794,fire,False
795,fish,True
796,fish:cooked,True
797,fish:open,True
798,fishcakes,True
799,flake:chilli,True
800,flame,True
801,flame:cooker,True
802,flame:stove,True
803,flap,False
804,flask:oil,True
805,flatware,True
806,floor,False
807,floor:kitchen,True
808,floret,True
809,floret:broccoli,True
810,flour,True
811,flour:dough,True
812,flour:egg,True
813,flour:excess,True
814,flour:extra,True
815,flour:more,True
816,flour:plain,True
817,flow:tap,True
818,flower,False
819,foil,True
820,foil:aluminium,True
821,foil:kitchen,True
822,foil:silver,True
823,foil:transparent,True
824,food,True
825,food:burned,True
826,food:cooked,True
827,food:empty,True
828,food:frozen,True
829,food:leftover,True
830,food:more,True
831,food:remaining,True
832,food:residual,True
833,fork,True
834,fork:knife,True
835,fork:napkin,False
836,fork:paper,True
837,fork:soap,False
838,fork:spoon,True
839,fork:wash,False
840,fork:wooden,True
841,form,False
842,fragment:cabbage,True
843,fragment:fish,True
844,fragment:onion,True
845,fraiche,True
846,fraiche:creme,True
847,freezer,True
848,fridge,True
849,frittata,True
850,front:freezer,True
851,front:plate,True
852,fruit,True
853,fry:stir,False
854,funnel,True
855,galangal,True
856,game:board,True
857,garbage,False
858,garlic,True
859,garlic:containing,True
860,garlic:dice,True
861,garlic:more,True
862,garlic:sliced,True
863,garlic:smashed,True
864,garni:bouquet,True
865,gas,True
866,geographic,False
867,geographic:national,False
868,gin,True
869,ginger,True
870,glass,True
871,glass:blueberry,True
872,glass:fruit,True
873,glass:milk,True
874,glass:new,True
875,glass:orange:juice,True
876,glass:other,True
877,glass:wash,False
878,glass:water,True
879,glass:wine,True
880,glaze,True
881,glove,True
882,glove:oven,True
883,glove:rubber,True
884,glove:second,True
885,gochujang,True
886,gown:dressing,True
887,grain:rice,True
888,granola,True
889,granule,True
890,grape,True
891,grass:lemon,True
892,grater,True
893,grater:cheese,True
894,gravy,True
895,green,False
896,grid,True
897,grid:hob,True
898,griddle,True
899,grill,True
900,grill:hob,True
901,grind:coffee,True
902,grinder,True
903,grinder:cheese,True
904,grinder:coffee,True
905,grocery,False
906,ground,True
907,ground:coffee,True
908,guard,False
909,guard:hand,False
910,guide:sharpening,False
911,hair,False
912,half:bagel,True
913,half:bread,True
914,half:cherry:tomato,True
915,half:eggshell,False
916,half:lemon,True
917,half:onion,True
918,half:second:lemon,True
919,ham,True
920,hamburger,True
921,hamper,False
922,hand,False
923,hand:gloved,False
924,hand:left,False
925,hand:my,False
926,hand:other,False
927,hand:second,False
928,handful:carrot,True
929,handle,False
930,handle:cupboard,False
931,handle:drawer,False
932,handle:frying:pan,True
933,handle:knife,True
934,handle:pan,True
935,handle:saucepan,True
936,handle:spoon,True
937,handle:wok,True
938,hanger,False
939,hat,False
940,head,False
941,heart,False
942,heart:tomato,True
943,heat,True
944,heat:be,True
945,heat:cooker,True
946,heat:hob,True
947,heat:oven,True
948,heat:right,True
949,heater,False
950,heater:electric,False
951,heater:right,False
952,height:oven,True
953,height:tray,True
954,herb,True
955,herb:other,True
956,hob,True
957,hob:induction,True
958,holder,False
959,holder:bread:knife,True
960,holder:coffee,True
961,holder:cutlery,True
962,holder:dishwasher:cutlery,False
963,holder:dishwasher:glass,False
964,holder:filter,True
965,holder:jug,True
966,holder:knife,True
967,holder:magnetic,False
968,holder:napkin,False
969,holder:pot,True
970,holder:spoon,True
971,holder:tablet,False
972,holder:teabag,True
973,hole:sink,True
974,honey,True
975,hood,True
976,hood:kitchen,True
977,hoover,False
978,hoover:hand:held,False
979,hop,False
980,horse:clothes,False
981,hummus,True
982,hummus:more,True
983,humus,True
984,infuser,True
985,infuser:tea,True
986,ingredient,True
987,ingredient:pan,True
988,inside:bread,True
989,instruction,False
990,intensity:flame,True
991,iron:cast,True
992,item:fridge,True
993,item:kitchen,True
994,jam,True
995,jambalaya,True
996,jar,True
997,jar:chilli:flake,True
998,jar:clip:top,True
999,jar:coconut,True
1000,jar:coffee,True
1001,jar:herb,True
1002,jar:honey,True
1003,jar:jam,True
1004,jar:olive,True
1005,jar:pasta:sauce,True
1006,jar:pepper,True
1007,jar:pesto,True
1008,jar:pesto:sauce,True
1009,jar:salt,True
1010,jar:sauce,True
1011,jar:spice,True
1012,jar:spicy:bean:paste,True
1013,jar:spicy:bean:sauce,True
1014,jar:sugar,True
1015,jar:tahini,True
1016,jar:tahini:sauce,True
1017,jar:thyme,True
1018,jar:top,True
1019,jar:water:filter,True
1020,jean,False
1021,jeera,True
1022,jug,True
1023,jug:cafetiere,True
1024,jug:measuring,True
1025,jug:water,True
1026,juice,True
1027,juice:fruit,True
1028,juice:lemon,True
1029,juice:lime,True
1030,juice:orange,True
1031,juicer,True
1032,juicer:lime,True
1033,kale,True
1034,ketchup,True
1035,kettle,True
1036,kettle:electronic,False
1037,kitchen,True
1038,kitkat,True
1039,kiwi,True
1040,knife,True
1041,knife:bread,True
1042,knife:chef,True
1043,knife:fork,True
1044,knife:mezzaluna,True
1045,knife:mincing,True
1046,knife:paring,True
1047,knife:soap,False
1048,knife:spreading,True
1049,knife:take,True
1050,knife:teaspoon:fork,True
1051,knife:wash,False
1052,knob,False
1053,knob:heat,True
1054,knob:oven,True
1055,knot,False
1056,label,False
1057,ladder,False
1058,ladle,True
1059,lamp,False
1060,lasagne,True
1061,laundry,False
1062,lead,False
1063,lead:kettle,False
1064,leaf,False
1065,leaf:basil,True
1066,leaf:bay,True
1067,leaf:choi,True
1068,leaf:curry,True
1069,leaf:lettuce,True
1070,leaf:mint,True
1071,leaf:more,False
1072,leaf:more:salad,True
1073,leaf:only:curry,True
1074,leaf:oregano,True
1075,leaf:pak:choi,True
1076,leaf:salad,True
1077,leaf:spinach,True
1078,leaf:spring:onion,True
1079,leaf:tea,True
1080,leek,True
1081,leek:extra,True
1082,left:pot,True
1083,leftover,False
1084,leftover:egg,True
1085,leftover:food,True
1086,lemon,True
1087,lemonade,True
1088,lengthways:cheese,True
1089,lentil,True
1090,letter,False
1091,lettuce,True
1092,lettuce:chopped,True
1093,level:power,False
1094,level:water,True
1095,lever,True
1096,lever:toaster,True
1097,lid,True
1098,lid:aeropress,True
1099,lid:bin,False
1100,lid:blender,True
1101,lid:bottle,True
1102,lid:box,True
1103,lid:butter,True
1104,lid:chopper,True
1105,lid:clip:top:jar,True
1106,lid:coffee:machine,True
1107,lid:coffee:tin,True
1108,lid:container,True
1109,lid:curry,True
1110,lid:film,True
1111,lid:food:bin,True
1112,lid:food:processor,True
1113,lid:glass,True
1114,lid:hummus:tub,True
1115,lid:jam:jar,True
1116,lid:jar,True
1117,lid:jug,True
1118,lid:kettle,True
1119,lid:milk,True
1120,lid:milk:bottle,True
1121,lid:oil,True
1122,lid:oil:container,True
1123,lid:olive,True
1124,lid:olive:oil,True
1125,lid:oregano,True
1126,lid:pan,True
1127,lid:pepper,True
1128,lid:pepper:container,True
1129,lid:plastic,True
1130,lid:pot,True
1131,lid:processor,True
1132,lid:rice:cooker,True
1133,lid:salt,True
1134,lid:salt:container,True
1135,lid:saucepan,True
1136,lid:scotch:egg:box,True
1137,lid:sesame:oil,True
1138,lid:spice:container,True
1139,lid:steamer,True
1140,lid:sugar,True
1141,lid:teapot,True
1142,lid:tin,True
1143,lid:top:jar,True
1144,lid:trash:bin,False
1145,lid:tupperware,True
1146,lid:vinegar:bottle,True
1147,lid:water:jug,True
1148,lid:yoghurt,True
1149,light,False
1150,light:hob,False
1151,light:oven,False
1152,lighter,False
1153,lighting,False
1154,lime,True
1155,line,False
1156,liquid,False
1157,liquid:cleaning,False
1158,liquid:dish:washing,False
1159,liquid:dishwashing,False
1160,liquid:laundry,False
1161,liquid:washing,False
1162,liquid:washing:up,False
1163,loaf,True
1164,loaf:bread,True
1165,locker,False
1166,lods,False
1167,machine,True
1168,machine:coffee,True
1169,machine:sous:vide,True
1170,machine:washer,False
1171,machine:washing,False
1172,mail,False
1173,maker,True
1174,maker:coffee,True
1175,mandolin,True
1176,mango,True
1177,margarine,True
1178,masala,True
1179,masala:bean,True
1180,masher,True
1181,mat,False
1182,mat:floor,False
1183,mat:place,False
1184,mat:sushi,True
1185,mat:table,False
1186,mat:tea:place,True
1187,mayonnaise,True
1188,measure,True
1189,measurer:rice,True
1190,meat,True
1191,meat:fish,True
1192,meat:mince,True
1193,meat:minced,True
1194,meat:mix,True
1195,meat:nasty,True
1196,meat:open,True
1197,meat:stir,True
1198,meat:stirring,True
1199,melon,True
1200,mesh,True
1201,mesh:orange,True
1202,mesh:steel,True
1203,mezzaluna,True
1204,microwave,True
1205,microwave:inside,True
1206,middle:pepper,True
1207,milk,True
1208,milk:coconut,True
1209,milk:condensed,True
1210,milk:more,True
1211,milk:soy,True
1212,milk:soya,True
1213,mince,True
1214,mincemeat,True
1215,mint,True
1216,minute,True
1217,mirin,True
1218,mitt,True
1219,mitt:kitchen,True
1220,mitt:oven,True
1221,mitten,True
1222,mitten:oven,True
1223,mix,True
1224,mix:meat,True
1225,mix:spice,True
1226,mixer,True
1227,mixture,True
1228,mixture:cheese,True
1229,mixture:chilli,True
1230,mixture:chocolate,True
1231,mixture:egg,True
1232,mixture:egg:flour,True
1233,mixture:egg:food,True
1234,mixture:egg:powder,True
1235,mixture:hand:blender,True
1236,mixture:lemon:curd,True
1237,mixture:oil,True
1238,mixture:passata,True
1239,mixture:pistachio,True
1240,mixture:powder,True
1241,mixture:sugar,True
1242,mixture:tuna,True
1243,mixture:whole,True
1244,mobile,False
1245,mocha,True
1246,moka,True
1247,mop,False
1248,motor:hand:blender,False
1249,mould,True
1250,mould:cake,True
1251,mould:ring:cake,True
1252,mouse,False
1253,mouth,False
1254,mozzarella,True
1255,mozzarella:more,True
1256,mozzarella:tomato:sauce,True
1257,muffin,True
1258,mug,True
1259,mug:coffee,True
1260,mug:glass,True
1261,mug:rice,True
1262,mug:water,True
1263,mushroom,True
1264,music,False
1265,mustard,True
1266,napkin,False
1267,national,False
1268,nesquik,True
1269,net,False
1270,net:rubber,False
1271,noodle,True
1272,noodle:convenient,True
1273,noodle:instant,True
1274,nose,False
1275,nozzle,False
1276,nozzle:coffee,True
1277,number:bean:curd:source,True
1278,number:hob,True
1279,nut,True
1280,nut:pine,True
1281,nutella,True
1282,oat,True
1283,oatmeal,True
1284,oatmeal:stir,True
1285,oil,True
1286,oil:chilli,True
1287,oil:coconut,True
1288,oil:fish,True
1289,oil:more,True
1290,oil:olive,True
1291,oil:sesame,True
1292,oil:truffle,True
1293,olive,True
1294,olive:own,True
1295,omelet,True
1296,omelette,True
1297,omelette:egg,True
1298,omelette:rolled,True
1299,onion,True
1300,onion:chopped,True
1301,onion:cut:spring,True
1302,onion:diced,True
1303,onion:excess,True
1304,onion:few,True
1305,onion:half,True
1306,onion:new,True
1307,onion:open,True
1308,onion:remaining,True
1309,onion:sliced,True
1310,onion:spring,True
1311,opener:bottle,True
1312,opener:can,True
1313,orange,True
1314,orange:half,True
1315,oregano,True
1316,oven,True
1317,oven:left,True
1318,oven:microwave,True
1319,oven:right,True
1320,over:left,False
1321,pack,False
1322,pack:battery,False
1323,pack:bin:cheese,True
1324,pack:cheese,True
1325,pack:chicken,True
1326,pack:cookie,True
1327,pack:egg,True
1328,pack:meat,True
1329,pack:pasta,True
1330,pack:pizza,True
1331,pack:salad,True
1332,pack:soup,True
1333,pack:sugar,True
1334,pack:tea,True
1335,pack:tomato,True
1336,pack:tortilla,True
1337,package,False
1338,package:almond:drink,True
1339,package:avocado,True
1340,package:bacon,True
1341,package:blueberry,True
1342,package:bread,True
1343,package:butter,True
1344,package:carrot,True
1345,package:cheese,True
1346,package:chicken,True
1347,package:cookie,True
1348,package:cracker,True
1349,package:cream,True
1350,package:crispy:pancake,True
1351,package:egg,True
1352,package:fajitas,True
1353,package:fish:finger,True
1354,package:food,True
1355,package:green:bean,True
1356,package:honey,True
1357,package:hot:dog,True
1358,package:kale,True
1359,package:lettuce,True
1360,package:meat,True
1361,package:mixed:spice,True
1362,package:mozzarella,True
1363,package:oat,True
1364,package:olive,True
1365,package:pak:choi,True
1366,package:paprika,True
1367,package:parmesan,True
1368,package:parsley,True
1369,package:pasta,True
1370,package:pizza,True
1371,package:plastic,False
1372,package:popcorn,True
1373,package:potato,True
1374,package:powder,False
1375,package:quorn,True
1376,package:salad,True
1377,package:salt,True
1378,package:sauce,True
1379,package:sausage,True
1380,package:softener,False
1381,package:tortilla,True
1382,package:wrap,True
1383,packaging,False
1384,packaging:biscuit,True
1385,packaging:bread,True
1386,packaging:butter,True
1387,packaging:cheese,True
1388,packaging:cookie,True
1389,packaging:corn,True
1390,packaging:cream,True
1391,packaging:cream:cheese,True
1392,packaging:cucumber,True
1393,packaging:fishcake,True
1394,packaging:green:bean,True
1395,packaging:ham,True
1396,packaging:iron,False
1397,packaging:it,False
1398,packaging:leek,True
1399,packaging:lettuce,True
1400,packaging:meat,True
1401,packaging:mushroom,True
1402,packaging:open:meat,True
1403,packaging:parmesan,True
1404,packaging:pasta,True
1405,packaging:pizza,True
1406,packaging:pizza:base,True
1407,packaging:plastic,False
1408,packaging:pod,False
1409,packaging:salad,True
1410,packaging:salami,True
1411,packaging:salmon,True
1412,packaging:stock,True
1413,packaging:tenderstem:broccoli,True
1414,packaging:tomato,True
1415,packet,False
1416,packet:beef,True
1417,packet:bread,True
1418,packet:broccoli,True
1419,packet:cheese,True
1420,packet:chicken,True
1421,packet:coffee,True
1422,packet:cookie,True
1423,packet:coriander,True
1424,packet:crisp,True
1425,packet:fishcake,True
1426,packet:granola,True
1427,packet:it,False
1428,packet:new,False
1429,packet:open:sausage,True
1430,packet:open:tofu,True
1431,packet:peanut,True
1432,packet:pepper,True
1433,packet:popcorn,True
1434,packet:potato,True
1435,packet:salami,True
1436,packet:sausage,True
1437,packet:sugar,True
1438,packet:tablet,False
1439,packet:tea,True
1440,packet:tofu,True
1441,packet:yeast,True
1442,packing,False
1443,packing:green:bean,True
1444,packing:oat,True
1445,pad,False
1446,pad:scouring,False
1447,paddle:rice,True
1448,paella,True
1449,page,False
1450,pair:chopstick,True
1451,pak,True
1452,pan,True
1453,pan:baking,True
1454,pan:cake,True
1455,pan:cast:iron,True
1456,pan:content,True
1457,pan:cooker,True
1458,pan:cooking,True
1459,pan:dish:washing,False
1460,pan:first,True
1461,pan:fry,True
1462,pan:frying,True
1463,pan:garlic,True
1464,pan:grill,True
1465,pan:hob,True
1466,pan:oil,True
1467,pan:pizza,True
1468,pan:rolling,True
1469,pan:second,True
1470,pan:serving,True
1471,pan:small,True
1472,pan:uncover,True
1473,pan:wash,False
1474,pancake,True
1475,pancake:crispy,True
1476,pancake:oat,True
1477,pane,False
1478,paneer,True
1479,paneer:saag,True
1480,paper,True
1481,paper:baking,True
1482,paper:cooking,True
1483,paper:filter,True
1484,paper:foil,True
1485,paper:foiled,True
1486,paper:greaseproof,True
1487,paper:shredded,True
1488,paper:tissue,True
1489,paper:toilet,True
1490,paprika,True
1491,parmesan,True
1492,parsley,True
1493,part:blender,True
1494,part:coffee:pot,True
1495,part:juicer,True
1496,part:onion:piece,True
1497,part:pepper,True
1498,part:pepper:piece,True
1499,part:pot,True
1500,part:salad:spinner,True
1501,part:tablet,False
1502,part:teapot,True
1503,partition:dough,True
1504,passata,True
1505,passata:containing,True
1506,pasta,True
1507,paste,True
1508,paste:garlic,True
1509,paste:miso,True
1510,paste:nut,True
1511,paste:red:pepper,True
1512,paste:shrimp,True
1513,paste:spice,True
1514,paste:tomato,True
1515,pastry,True
1516,patty,True
1517,patty:tuna,True
1518,pea,True
1519,peach,True
1520,peanut,True
1521,peanut:chopped,True
1522,pear,True
1523,peel,True
1524,peel:banana,True
1525,peel:garlic,True
1526,peel:lemon,True
1527,peel:melon,True
1528,peel:onion,True
1529,peel:orange,True
1530,peel:potato,True
1531,peeler,True
1532,peeler:carrot,True
1533,peeler:potato,True
1534,peeling,True
1535,peeling:carrot,True
1536,peeling:onion,True
1537,peeling:vegetable,True
1538,peeling:veggie,True
1539,pen,False
1540,pepper,True
1541,pepper:bell,True
1542,pepper:black,True
1543,pepper:cayenne,True
1544,pepper:chilli,True
1545,pepper:hot,True
1546,pepper:more,True
1547,pepper:salted:chilli,True
1548,peppercorn,True
1549,pepperoni,True
1550,pestle,True
1551,pesto,True
1552,pesto:cheese,True
1553,phone,False
1554,phone:mobile,False
1555,pico,False
1556,pie,True
1557,piece:aluminium:foil,True
1558,piece:baking:paper,True
1559,piece:biscuit,True
1560,piece:bread,True
1561,piece:broccoli,True
1562,piece:butter,True
1563,piece:cabbage,True
1564,piece:carrot,True
1565,piece:cheese,True
1566,piece:chicken,True
1567,piece:chocolate,True
1568,piece:coriander,True
1569,piece:corn,True
1570,piece:courgette,True
1571,piece:cucumber,True
1572,piece:cutlery,True
1573,piece:fish,True
1574,piece:food,True
1575,piece:food:processor,True
1576,piece:garlic,True
1577,piece:ginger,True
1578,piece:hand:blender,False
1579,piece:ice,True
1580,piece:juicer,True
1581,piece:kitchen:roll,True
1582,piece:leek,True
1583,piece:lemon:squeezer,True
1584,piece:lettuce,True
1585,piece:lime,True
1586,piece:meat,True
1587,piece:mushroom,True
1588,piece:omelette,True
1589,piece:onion,True
1590,piece:onion:skin,True
1591,piece:paper,True
1592,piece:pasta,True
1593,piece:pepper,True
1594,piece:pitta,True
1595,piece:pizza,True
1596,piece:plastic,False
1597,piece:pork,True
1598,piece:salad,True
1599,piece:salad:spinner,True
1600,piece:salami,True
1601,piece:scotch:egg,True
1602,piece:shell,True
1603,piece:skin,False
1604,piece:sponge,False
1605,piece:spring:onion,True
1606,piece:tofu,True
1607,piece:tomato,True
1608,piece:turkey,True
1609,piece:vegetable,True
1610,pin,False
1611,pin:dust,False
1612,pin:rolling,True
1613,pineapple,True
1614,pistachio,True
1615,pit,False
1616,pit:peach,True
1617,pit:pear,True
1618,pitcher,True
1619,pith,True
1620,pitta,True
1621,pizza,True
1622,plant:basil,True
1623,plastic,False
1624,plate,True
1625,plate:broccoli,True
1626,plate:cereal,True
1627,plate:cutting,True
1628,plate:food,True
1629,plate:lasagne,True
1630,plate:new,True
1631,plate:nut,True
1632,plate:other,True
1633,plate:paper,True
1634,plate:pasta,True
1635,plate:salad,True
1636,plate:scale,True
1637,plate:small,True
1638,plate:soap,False
1639,plate:tomato,True
1640,plate:top,True
1641,plug,False
1642,plug:kettle,False
1643,plug:rice:cooker,True
1644,plug:sink,True
1645,plum,True
1646,plunger,True
1647,pod,False
1648,pod:coffee,True
1649,pork,True
1650,porridge,True
1651,portion:rennet:tablet,True
1652,position:box,False
1653,position:pot,True
1654,position:tonic:water:bottle,True
1655,position:tray,True
1656,poster,False
1657,pot,True
1658,pot:black,True
1659,pot:coffee,True
1660,pot:cooking,True
1661,pot:electric,True
1662,pot:electronic,False
1663,pot:first,True
1664,pot:food,True
1665,pot:hob,True
1666,pot:kettle,True
1667,pot:kiwi,True
1668,pot:larger,True
1669,pot:left,True
1670,pot:mocha,True
1671,pot:moka,True
1672,pot:other,True
1673,pot:pasta,True
1674,pot:plastic,True
1675,pot:pressure,True
1676,pot:rice:cooker,True
1677,pot:right,True
1678,pot:salt,True
1679,pot:sauce,True
1680,pot:second,True
1681,pot:small,True
1682,pot:spaghetti,True
1683,pot:tea,True
1684,pot:teapot,True
1685,pot:third,True
1686,pot:top,True
1687,pot:tupperware,True
1688,pot:white,True
1689,pot:yoghurt,True
1690,potato,True
1691,potato:baby,True
1692,potato:scoop,True
1693,potato:sweet,True
1694,powder,False
1695,powder:baking,True
1696,powder:biscuit,True
1697,powder:chilli,True
1698,powder:cocoa,True
1699,powder:coconut,True
1700,powder:coconut:milk,True
1701,powder:curry,True
1702,powder:dishing,False
1703,powder:flour,True
1704,powder:garlic,True
1705,powder:turmeric,True
1706,powder:washing,False
1707,power,False
1708,prawn,True
1709,press,True
1710,press:garlic,True
1711,press:panini,True
1712,presser,True
1713,presser:garlic,True
1714,pressure:water,True
1715,price,False
1716,processor,True
1717,processor:food,True
1718,product,False
1719,product:cleaning,False
1720,prosciutto,True
1721,protector:wall,False
1722,punnet,False
1723,punnet:raspberry,True
1724,puree:tomato,True
1725,purse,False
1726,quorn,True
1727,rack,True
1728,rack:cooling,True
1729,rack:cutlery,True
1730,rack:dish,True
1731,rack:draining,True
1732,rack:dry,True
1733,rack:dryer,False
1734,rack:drying,True
1735,rack:knife,True
1736,rack:oven,True
1737,rack:tray,True
1738,rack:washing,False
1739,radiator,False
1740,radish,True
1741,rag,False
1742,rag:cloth,False
1743,rag:dish,True
1744,raisin,True
1745,raisin:more,True
1746,ramekin,True
1747,ramekin:coriander,True
1748,ramekin:peanut,True
1749,raspberry,True
1750,recipe,True
1751,recipe:yeast,True
1752,recycling,False
1753,reduction:balsamic,True
1754,refrigerator,True
1755,remainder,False
1756,remainder:mixture,True
1757,remains,False
1758,remnant:salad,True
1759,remote,False
1760,remover:spot,False
1761,residue,False
1762,residue:food,True
1763,rest,False
1764,rest:broccoli,True
1765,rest:garlic,True
1766,rest:ladle,True
1767,rest:onion:slice,True
1768,rest:pot,True
1769,rest:rice,True
1770,rest:spoon,True
1771,rest:teabag,True
1772,rester:teabag,True
1773,rice,True
1774,rice:cooked,True
1775,rice:jasmine,True
1776,rice:split,True
1777,rice:vegetable,True
1778,rim,False
1779,rim:jar,True
1780,rind,True
1781,rind:cheese,True
1782,rind:lemon,True
1783,rind:peach,True
1784,ring:onion,True
1785,rise,False
1786,risotto,True
1787,rocket,True
1788,roll,True
1789,roll:cling:film,True
1790,roll:foil,True
1791,roll:foil:paper,True
1792,roll:kitchen,True
1793,roll:paper,True
1794,roll:sandwich,True
1795,roll:sausage,True
1796,roll:sesame,True
1797,root,False
1798,root:galangal,True
1799,rosemary,True
1800,rubber,False
1801,rubbish,False
1802,rubbish:grape,False
1803,rucksack,False
1804,rug,False
1805,runner:table,False
1806,rusk,True
1807,sachet,True
1808,sachet:baking:powder,True
1809,sachet:flavour,True
1810,sachet:open,True
1811,sachet:sugar,True
1812,salad,True
1813,salad:cucumber,True
1814,salad:more,True
1815,salami,True
1816,sale,False
1817,salmon,True
1818,salsa,True
1819,salt,True
1820,salt:more,True
1821,sandwich,True
1822,sauce,True
1823,sauce:black:bean,True
1824,sauce:bottle,True
1825,sauce:fish,True
1826,sauce:jarred,True
1827,sauce:mix,True
1828,sauce:more,True
1829,sauce:other,True
1830,sauce:pesto,True
1831,sauce:soy,True
1832,sauce:soya,True
1833,sauce:spicy:bean,True
1834,sauce:spinker,True
1835,sauce:stir,True
1836,sauce:tahini,True
1837,sauce:tomato,True
1838,saucepan,True
1839,saucepan:large,True
1840,saucepan:small,True
1841,saucer,True
1842,saucer:soap,False
1843,sausage,True
1844,sausage:corn,True
1845,sausage:quorn,True
1846,sausage:quorn:cocktail,True
1847,scale,True
1848,scale:kitchen,True
1849,scale:measuring,True
1850,scales,True
1851,scissor,True
1852,scissors,True
1853,scoop,True
1854,scoop:coffee,True
1855,scourer,False
1856,scrap,False
1857,scrap:pepper,True
1858,scraper,True
1859,scrubber,False
1860,seal,False
1861,seal:clip:top:jar,True
1862,seasoning,True
1863,section:coffee:maker,True
1864,seed,True
1865,seed:coriander,True
1866,seed:cumin,True
1867,seed:lemon,True
1868,seed:mustard,True
1869,seed:olive,True
1870,seed:pepper,True
1871,seed:squash,True
1872,self,False
1873,serviette,False
1874,setting,True
1875,setting:oven,True
1876,shake,False
1877,shaker,True
1878,shaker:pepper,True
1879,shape:cylinder,False
1880,shape:sausage,True
1881,sharpener,True
1882,sharpener:knife,True
1883,sharpness:knife,True
1884,sheath,True
1885,sheath:thermometer,True
1886,sheet,True
1887,sheet:kitchen:roll,True
1888,shelf,False
1889,shelf:bowl,False
1890,shelf:dish,True
1891,shelf:fridge,False
1892,shelf:low,False
1893,shelf:lower,False
1894,shelf:oven,False
1895,shelf:plate,False
1896,shelf:plated,False
1897,shelf:steaming,False
1898,shelf:utensil,False
1899,shell,False
1900,shell:egg,True
1901,shirt,False
1902,shirt:t,False
1903,short,False
1904,short:boxer,False
1905,shreddies,True
1906,shrimp,True
1907,shrimp:frozen,True
1908,shut:bag,False
1909,side,False
1910,side:bin,False
1911,side:blade,True
1912,side:bowl,True
1913,side:clip,False
1914,side:dough,True
1915,side:fridge,True
1916,side:knife,True
1917,side:mug,True
1918,side:oven,True
1919,side:pan,True
1920,side:plate,True
1921,side:ramekin,True
1922,side:saucepan,True
1923,side:tub,True
1924,side:tuna,True
1925,side:wok,True
1926,sideboard,False
1927,sieve,True
1928,silverware,True
1929,sink,True
1930,sink:empty,True
1931,sink:kitchen,True
1932,sink:water,True
1933,skimmer,True
1934,skin,False
1935,skin:avocado,True
1936,skin:banana,True
1937,skin:carrot,True
1938,skin:courgette,True
1939,skin:dirty,False
1940,skin:egg,True
1941,skin:fish,True
1942,skin:garlic,True
1943,skin:kiwi:bit,True
1944,skin:leaf,False
1945,skin:onion,True
1946,skin:orange,True
1947,skin:outer,False
1948,skin:potato,True
1949,skin:salmon,True
1950,skin:spring:onion,True
1951,skin:squash,True
1952,skinner:carrot,True
1953,sleeve,False
1954,slice:banana,True
1955,slice:bean:curd,True
1956,slice:bread,True
1957,slice:bread:packaging,True
1958,slice:bread:packet,True
1959,slice:butter,True
1960,slice:carrot,True
1961,slice:cheese,True
1962,slice:courgette,True
1963,slice:ginger,True
1964,slice:ham,True
1965,slice:lasagne,True
1966,slice:lemon,True
1967,slice:mozzarella,True
1968,slice:onion,True
1969,slice:peach,True
1970,slice:pepper,True
1971,slice:pineapple,True
1972,slice:pizza,True
1973,slice:potato,True
1974,slice:rolled:omelette,True
1975,slice:tamagoyaki,True
1976,slice:toast:bread,True
1977,slice:tofu,True
1978,slicer,True
1979,slicer:onion,True
1980,slipper,False
1981,smoothie,True
1982,soap,False
1983,soap:dish,False
1984,soap:dishwasher,False
1985,soap:liquid,False
1986,soap:more,False
1987,sock,False
1988,socket,False
1989,soda,True
1990,softener,False
1991,soil,False
1992,sort:broccoli,True
1993,soup,True
1994,soup:sauce,True
1995,source:bean,True
1996,source:power,False
1997,soy,True
1998,spade,False
1999,spade:food,True
2000,spade:plastic,False
2001,spaghetti,True
2002,spatula,True
2003,spatula:move,True
2004,spatula:sieve,True
2005,spatula:wooden,True
2006,spice,True
2007,spice:mixed,True
2008,spice:tamarind,True
2009,spice:thyme,True
2010,spill,False
2011,spill:coffee,True
2012,spinach,True
2013,spinner:salad,True
2014,sponge,False
2015,sponge:cleaning,False
2016,sponge:new,False
2017,sponge:soap,False
2018,spoon,True
2019,spoon:coffee,True
2020,spoon:measuring,True
2021,spoon:mixture,True
2022,spoon:napkin:yoghurt,True
2023,spoon:plastic,True
2024,spoon:second,True
2025,spoon:sieve,True
2026,spoon:slotted,True
2027,spoon:soap,False
2028,spoon:soup,True
2029,spoon:sugar,True
2030,spoon:tea,True
2031,spoon:wash,False
2032,spoon:wood,True
2033,spoon:wooden,True
2034,spoon:yeast,True
2035,spoonful:yoghurt,True
2036,spout,True
2037,spout:kettle,True
2038,spray,False
2039,spray:cleaning,False
2040,spray:kitchen,True
2041,sprout,True
2042,sprout:cooked,True
2043,sprout:more,True
2044,square:greaseproof:paper,True
2045,square:paper,True
2046,squash,True
2047,squash:more,True
2048,squeezer,True
2049,squeezer:lemon,True
2050,squeezer:lime,True
2051,stack:bowl,True
2052,stack:lid,True
2053,stack:plate,True
2054,stack:sandwich,True
2055,stack:tub,True
2056,stain,False
2057,stalk,False
2058,stalk:coriander,True
2059,stalk:pepper,True
2060,stand,True
2061,stand:kettle,True
2062,stand:rack,True
2063,stand:sharpening,True
2064,stand:spoon,True
2065,starter,True
2066,steak,True
2067,steak:chop,True
2068,steam,True
2069,steamer,True
2070,stem,False
2071,stem:mint,True
2072,stereo,False
2073,stick,False
2074,stick:bread,True
2075,stick:carrot,True
2076,stick:chop,False
2077,stick:cocktail,False
2078,stick:crab,True
2079,sticker,False
2080,stirrer,True
2081,stirrer:coffee,True
2082,stirrer:wooden,True
2083,stock,True
2084,stock:chicken,True
2085,stock:leftover,True
2086,stone,False
2087,stone:olive,True
2088,stone:sharpening,False
2089,stool,False
2090,stopper,False
2091,stove,True
2092,stove:electronic,False
2093,stove:gas,True
2094,strainer,True
2095,strainer:cafetiere,True
2096,strainer:mesh,True
2097,strainer:pasta,True
2098,strainer:sink,True
2099,strainer:tea,True
2100,strainer:tea:pot,True
2101,strainer:teapot,True
2102,straw,False
2103,strawberry,True
2104,strip:carrot,True
2105,strip:coffee:bean:bag,True
2106,strip:magnetic,False
2107,strip:opening,False
2108,strip:plastic,False
2109,stud,False
2110,stuff:chopping:board,True
2111,sugar,True
2112,supplement,False
2113,support,False
2114,support:pan,True
2115,surface,False
2116,surface:cooking,True
2117,surface:hob,True
2118,surface:kitchen,True
2119,surface:mixture,True
2120,surface:side,False
2121,surface:wiping,False
2122,surface:work,False
2123,sweetcorn,True
2124,switch,False
2125,switch:light,False
2126,switch:oil,True
2127,syrup,True
2128,syrup:cherry,True
2129,syrup:maple,True
2130,system:weighing,False
2131,tabasco,True
2132,table,True
2133,table:glass,True
2134,table:round,True
2135,tablecloth,False
2136,tablespoon,True
2137,tablespoon:place,True
2138,tablet,False
2139,tablet:dishwasher,False
2140,tablet:rennet,True
2141,tabletop,True
2142,tableware,True
2143,taco,True
2144,tag,False
2145,tag:top,False
2146,tag:washing,False
2147,tahini,True
2148,tamagoyaki,True
2149,tap,True
2150,tap:hot,True
2151,tap:water,True
2152,tarragon,True
2153,tea,True
2154,teabag,True
2155,teapot,True
2156,teaspoon,True
2157,teaspoon:honey,True
2158,temp,False
2159,temperature,True
2160,temperature:bowl,True
2161,temperature:cast:iron:pan,True
2162,temperature:cooker,True
2163,temperature:curd,True
2164,temperature:dishwasher,False
2165,temperature:gas,True
2166,temperature:hob,True
2167,temperature:liquid,True
2168,temperature:measure,True
2169,temperature:milk,True
2170,temperature:oil,True
2171,temperature:oven,True
2172,temperature:pie,True
2173,temperature:rice:cooker,True
2174,temperature:tap,True
2175,temperature:thermometer,True
2176,temperature:watch,False
2177,temperature:water,True
2178,temperature:whey,True
2179,text:instruction,False
2180,thermometer,True
2181,thigh:chicken,True
2182,thumb,False
2183,thyme,True
2184,tile,False
2185,tile:floor,False
2186,time,True
2187,time:cooking,True
2188,timer,True
2189,timer:check,True
2190,timer:oven,True
2191,tin,True
2192,tin:baking,True
2193,tin:cake,True
2194,tin:chopped:tomato,True
2195,tin:cocoa:powder,True
2196,tin:coffee,True
2197,tin:coffee:bean,True
2198,tin:condensed:milk,True
2199,tin:empty,True
2200,tin:mug,True
2201,tin:spring:form,True
2202,tin:teabag,True
2203,tin:tomato,True
2204,tin:utensil,True
2205,tin:yeast,True
2206,tiramisu,True
2207,tissue,False
2208,toast,True
2209,toast:melba,True
2210,toaster,True
2211,tofu,True
2212,tomato,True
2213,tomato:cherry,True
2214,tomato:chop,True
2215,tomato:chopped,True
2216,tomato:fifth,True
2217,tomato:fourth,True
2218,tomato:other,True
2219,tomato:peeled,True
2220,tomato:second,True
2221,tomato:seventh,True
2222,tomato:sixth,True
2223,tomato:sun:dried,True
2224,tomato:third,True
2225,tong,True
2226,tongs,True
2227,tonic,True
2228,toothbrush,False
2229,toothpick,True
2230,top,False
2231,top:bread,True
2232,top:burner,True
2233,top:cafetiere,True
2234,top:clip,False
2235,top:clip:top:jar,True
2236,top:coffee:machine,True
2237,top:counter,True
2238,top:cupboard,False
2239,top:fridge,True
2240,top:kitchen,True
2241,top:microwave,True
2242,top:milk:bottle,True
2243,top:mixture,True
2244,top:mug,True
2245,top:onion,True
2246,top:oven,True
2247,top:pan,True
2248,top:pasta,True
2249,top:pepper,True
2250,top:pizza,True
2251,top:plastic:bin,False
2252,top:plate,True
2253,top:pot,True
2254,top:rice:bag,True
2255,top:salad:spinner,True
2256,top:saucepan,True
2257,top:scale,True
2258,top:sink,True
2259,top:stack,False
2260,top:stove,True
2261,top:table,True
2262,top:tea:pot,True
2263,top:teapot,True
2264,top:top:jar,True
2265,topping,False
2266,tortellini,True
2267,tortilla,True
2268,towel,False
2269,towel:cleaning,False
2270,towel:kitchen,True
2271,towel:paper,True
2272,towel:second,False
2273,towel:tea,True
2274,track,False
2275,trash,False
2276,tray,True
2277,tray:bacon,True
2278,tray:baking,True
2279,tray:cutlery,True
2280,tray:falling,True
2281,tray:first,True
2282,tray:grill,True
2283,tray:ice,True
2284,tray:ice:cube,True
2285,tray:mug,True
2286,tray:olive,True
2287,tray:oven,True
2288,tray:pizza,True
2289,tray:plastic,True
2290,tray:second,True
2291,tray:steamer,True
2292,tray:weight,True
2293,tree:mug,True
2294,trimming,False
2295,trivet,True
2296,trolley,False
2297,trouser,False
2298,tshirt,False
2299,tub,True
2300,tub:butter,True
2301,tub:hummus,True
2302,tub:starter,True
2303,tub:tupperware,True
2304,tube,False
2305,tube:tube,False
2306,tuna,True
2307,tupperware,True
2308,tupperware:butter,True
2309,tupperware:oregano,True
2310,tupperware:second,True
2311,tupperware:sugar,True
2312,turkey:sliced,True
2313,turmeric,True
2314,tv,False
2315,underside:bowl,True
2316,underside:bread,True
2317,underside:tuna:burger,True
2318,utensil,True
2319,utensil:cooking,True
2320,v60,True
2321,vegetable,True
2322,ventilator,False
2323,video,False
2324,vinegar,True
2325,vinegar:balsamic,True
2326,vinegar:chinese,True
2327,vinegar:red:wine,True
2328,vinegar:rice,True
2329,vinegar:wine,True
2330,volume,False
2331,waffle,True
2332,wall,False
2333,wash:hand,False
2334,wash:water,False
2335,washer,False
2336,washing,False
2337,washing:washing,False
2338,waste,False
2339,wastebasket,False
2340,wastewater,False
2341,watch,False
2342,water,True
2343,water:access,True
2344,water:actual,True
2345,water:add,True
2346,water:boil,True
2347,water:boiled,True
2348,water:boiling,True
2349,water:cold,True
2350,water:coriander,True
2351,water:dirty,True
2352,water:empty,True
2353,water:excess,True
2354,water:filtered,True
2355,water:hot,True
2356,water:kettle,True
2357,water:more,True
2358,water:pot,True
2359,water:remaining,True
2360,water:remove,True
2361,water:salt,True
2362,water:tap,True
2363,water:tap:cover:sink,True
2364,water:tonic,True
2365,water:warm,True
2366,whetstone,True
2367,whey,True
2368,whey:empty,True
2369,whey:spilt,True
2370,whisk,True
2371,window,False
2372,wine,True
2373,wine:cooking,True
2374,wire,False
2375,wire:kettle,False
2376,wok,True
2377,wool:steel,False
2378,wrap,True
2379,wrap:bread,True
2380,wrap:elastic,False
2381,wrap:meat,True
2382,wrap:plastic,True
2383,wrapper,False
2384,wrapper:bacon,True
2385,wrapper:cheese,True
2386,wrapper:oil,True
2387,wrapping,False
2388,wrapping:butter,True
2389,wrapping:plastic,False
2390,yeast,True
2391,yeast:can,True
2392,yoghurt,True
2393,yoghurt:greek,True
2394,yogurt,True
2395,yolk:egg,True
2396,zest:lemon,True
