narration_id,participant_id,video_id,narration_timestamp,start_timestamp,stop_timestamp,start_frame,stop_frame,narration,verb,verb_class,noun,noun_class,all_nouns,all_noun_classes
P01_01_0,P01,P01_01,00:00:01.089,00:00:00.14,00:00:03.37,8,202,open door,open,3,door,3,['door'],[3]
P01_01_1,P01,P01_01,00:00:02.629,00:00:04.37,00:00:06.17,262,370,turn on light,turn-on,6,light,114,['light'],[114]
P01_01_10,P01,P01_01,00:00:23.340,00:00:24.97,00:00:26.20,1498,1572,open drawer,open,3,drawer,8,['drawer'],[8]
P01_01_100,P01,P01_01,00:07:57.919,00:07:59.75,00:08:00.88,28785,28852,take cup,take,0,cup,13,['cup'],[13]
P01_01_101,P01,P01_01,00:08:00.020,00:08:01.47,00:08:02.21,28888,28932,open cupboard,open,3,cupboard,3,['cupboard'],[3]
P01_01_102,P01,P01_01,00:08:01.229,00:08:02.13,00:08:03.00,28927,28980,put cup into cupboard,put-into,5,cup,13,"['cup', 'cupboard']","[13, 3]"
P01_01_103,P01,P01_01,00:08:03.919,00:08:05.22,00:08:07.21,29113,29232,take container and lid,take,0,container,21,"['container', 'lid']","[21, 6]"
P01_01_104,P01,P01_01,00:08:07.610,00:08:08.38,00:08:09.12,29302,29347,put container on top of counter,put-on,1,container,21,"['container', 'top:counter']","[21, 42]"
P01_01_105,P01,P01_01,00:08:09.860,00:08:12.00,00:08:12.74,29520,29564,open container,open,3,container,21,['container'],[21]
P01_01_106,P01,P01_01,00:08:12.900,00:08:13.22,00:08:14.37,29593,29662,put container inside container,put-inside,5,container,21,"['container', 'container']","[21, 21]"
P01_01_107,P01,P01_01,00:08:14.550,00:08:15.80,00:08:16.99,29748,29819,close lid,close,4,lid,6,['lid'],[6]
P01_01_108,P01,P01_01,00:08:18.039,00:08:19.64,00:08:20.60,29978,30036,put container in cupboard,put-in,5,container,21,"['container', 'cupboard']","[21, 3]"
P01_01_109,P01,P01_01,00:08:21.050,00:08:22.35,00:08:23.31,30141,30198,take plate,take,0,plate,2,['plate'],[2]
P01_01_11,P01,P01_01,00:00:27.960,00:00:29.22,00:00:31.32,1753,1879,close fridge,close,4,fridge,12,['fridge'],[12]
P01_01_110,P01,P01_01,00:08:25.669,00:08:24.66,00:08:27.92,30279,30475,put plate down,put-down,1,plate,2,['plate'],[2]
P01_01_111,P01,P01_01,00:08:26.759,00:08:28.16,00:08:29.94,30489,30596,open drawer,open,3,drawer,8,['drawer'],[8]
P01_01_112,P01,P01_01,00:08:29.879,00:08:29.29,00:08:31.54,30557,30692,take something,take,0,drawer,8,['drawer'],[8]
P01_01_113,P01,P01_01,00:08:32.200,00:08:32.66,00:08:34.43,30759,30865,put down something,put-down,1,drawer,8,['drawer'],[8]
P01_01_114,P01,P01_01,00:08:35.200,00:08:36.81,00:08:38.05,31008,31082,open drawer,open,3,drawer,8,['drawer'],[8]
P01_01_115,P01,P01_01,00:08:36.460,00:08:37.88,00:08:39.13,31072,31147,take fork,take,0,fork,14,['fork'],[14]
P01_01_116,P01,P01_01,00:08:37.650,00:08:39.34,00:08:40.25,31160,31215,put down fork,put-down,1,fork,14,['fork'],[14]
P01_01_117,P01,P01_01,00:08:39.140,00:08:41.19,00:08:42.08,31271,31324,take spatula,take,0,spatula,20,['spatula'],[20]
P01_01_118,P01,P01_01,00:08:40.730,00:08:41.92,00:08:48.56,31315,31713,stir vegetables,stir,10,vegetable,94,['vegetable'],[94]
P01_01_12,P01,P01_01,00:00:29.539,00:00:36.68,00:00:37.78,2200,2266,put down vegetables,put-down,1,vegetable,94,['vegetable'],[94]
P01_01_120,P01,P01_01,00:09:00.560,00:09:02.04,00:09:02.98,32522,32578,take container,take,0,container,21,['container'],[21]
P01_01_121,P01,P01_01,00:09:04.130,00:09:06.39,00:09:07.42,32783,32845,open fridge,open,3,fridge,12,['fridge'],[12]
P01_01_122,P01,P01_01,00:09:05.270,00:09:07.40,00:09:09.01,32844,32940,put container into fridge,put-into,5,container,21,"['container', 'fridge']","[21, 12]"
P01_01_123,P01,P01_01,00:09:07.270,00:09:09.28,00:09:10.03,32956,33001,close fridge,close,4,fridge,12,['fridge'],[12]
P01_01_124,P01,P01_01,00:09:11.520,00:09:13.41,00:09:14.49,33204,33269,take spatula,take,0,spatula,20,['spatula'],[20]
P01_01_125,P01,P01_01,00:09:12.520,00:09:14.66,00:09:18.50,33279,33510,stir vegetables,stir,10,vegetable,94,['vegetable'],[94]
P01_01_126,P01,P01_01,00:09:19.440,00:09:21.12,00:09:22.32,33667,33739,take grater,take,0,grater,96,['grater'],[96]
P01_01_127,P01,P01_01,00:09:30.260,00:09:21.12,00:09:22.52,33667,33751,take grater,take,0,grater,96,['grater'],[96]
P01_01_128,P01,P01_01,00:09:20.670,00:09:22.08,00:09:22.81,33724,33768,take carrots,take,0,carrot,41,['carrot'],[41]
P01_01_129,P01,P01_01,00:09:23.250,00:09:24.25,00:09:28.84,33855,34130,cut carrots,cut,7,carrot,41,['carrot'],[41]
P01_01_13,P01,P01_01,00:00:39.780,00:00:41.79,00:00:42.55,2507,2553,open cupboard,open,3,cupboard,3,['cupboard'],[3]
P01_01_130,P01,P01_01,00:09:24.250,00:09:29.18,00:09:31.02,34150,34261,drop grater,drop,59,grater,96,['grater'],[96]
P01_01_131,P01,P01_01,00:09:34.890,00:09:34.42,00:09:46.92,34465,35215,grate carrots,grate,77,carrot,41,['carrot'],[41]
P01_01_132,P01,P01_01,00:09:49.030,00:09:47.02,00:09:55.58,35221,35734,still grating carrots,grate,77,carrot,41,['carrot'],[41]
P01_01_133,P01,P01_01,00:10:13.600,00:09:50.29,00:10:00.72,35417,36043,still grating carrot,grate,77,carrot,41,['carrot'],[41]
P01_01_134,P01,P01_01,00:10:22.950,00:10:02.19,00:10:38.99,36131,38339,still grating carrot,grate,77,carrot,41,['carrot'],[41]
P01_01_135,P01,P01_01,00:10:37.680,00:10:39.51,00:10:40.27,38370,38416,put down grater,put-down,1,grater,96,['grater'],[96]
P01_01_136,P01,P01_01,00:10:39.580,00:10:41.81,00:10:42.83,38508,38569,throw carrot into bin,throw-into,13,carrot,41,"['carrot', 'bin']","[41, 36]"
P01_01_137,P01,P01_01,00:10:42.690,00:10:44.49,00:10:45.33,38669,38719,take grater,take,0,grater,96,['grater'],[96]
P01_01_138,P01,P01_01,00:10:48.120,00:10:49.68,00:10:50.77,38980,39046,put down grater,put-down,1,grater,96,['grater'],[96]
P01_01_139,P01,P01_01,00:10:50.470,00:10:52.77,00:10:53.83,39166,39229,throw carrot into bin,throw-into,13,carrot,41,"['carrot', 'bin']","[41, 36]"
P01_01_14,P01,P01_01,00:00:44.140,00:00:43.20,00:00:46.64,2592,2798,take cutting board,take,0,board:cutting,18,['board:cutting'],[18]
P01_01_140,P01,P01_01,00:10:52.590,00:10:54.75,00:10:55.75,39285,39345,take spatula,take,0,spatula,20,['spatula'],[20]
P01_01_141,P01,P01_01,00:10:53.780,00:10:55.73,00:11:00.95,39343,39657,stir vegetables,stir,10,vegetable,94,['vegetable'],[94]
P01_01_142,P01,P01_01,00:11:01.010,00:11:02.55,00:11:03.55,39753,39813,open cupboard,open,3,cupboard,3,['cupboard'],[3]
P01_01_143,P01,P01_01,00:11:04.990,00:11:03.55,00:11:05.30,39813,39918,take saucepan,take,0,saucepan,5,['saucepan'],[5]
P01_01_144,P01,P01_01,00:11:10.540,00:11:07.31,00:11:14.16,40038,40449,put down saucepan,put-down,1,saucepan,5,['saucepan'],[5]
P01_01_145,P01,P01_01,00:11:13.870,00:11:15.00,00:11:16.99,40500,40619,turn hob,turn,23,hob,24,['hob'],[24]
P01_01_146,P01,P01_01,00:11:18.320,00:11:19.51,00:11:22.29,40770,40937,take kettle,take,0,kettle,44,['kettle'],[44]
P01_01_147,P01,P01_01,00:11:22.750,00:11:23.41,00:11:37.36,41004,41841,pour water into saucepan,pour-into,9,water,27,"['water', 'saucepan']","[27, 5]"
P01_01_148,P01,P01_01,00:11:25.830,00:11:26.55,00:11:31.55,41193,41493,see boiling water,see,38,water:boiling,27,['water:boiling'],[27]
P01_01_149,P01,P01_01,00:11:38.100,00:11:39.07,00:11:41.91,41944,42114,put down kettle,put-down,1,kettle,44,['kettle'],[44]
P01_01_15,P01,P01_01,00:00:45.649,00:00:46.45,00:00:47.81,2787,2868,put down cutting board,put-down,1,board:cutting,18,['board:cutting'],[18]
P01_01_150,P01,P01_01,00:11:42.520,00:11:43.86,00:11:45.41,42231,42324,take olive oil,take,0,oil:olive,31,['oil:olive'],[31]
P01_01_151,P01,P01_01,00:11:45.880,00:11:47.88,00:11:53.08,42472,42784,pour oil,pour,9,oil,31,['oil'],[31]
P01_01_152,P01,P01_01,00:11:53.320,00:11:53.14,00:11:56.39,42788,42983,close oil,close,4,oil,31,['oil'],[31]
P01_01_153,P01,P01_01,00:11:54.480,00:11:56.49,00:11:57.82,42989,43069,put down oil,put-down,1,oil,31,['oil'],[31]
P01_01_154,P01,P01_01,00:11:56.240,00:11:57.92,00:11:58.80,43075,43128,take spatula,take,0,spatula,20,['spatula'],[20]
P01_01_155,P01,P01_01,00:11:57.770,00:11:59.03,00:12:00.04,43141,43202,take cutting board with onion,take,0,board:cutting,18,"['board:cutting', 'onion']","[18, 16]"
P01_01_156,P01,P01_01,00:11:59.230,00:12:00.45,00:12:02.38,43227,43342,pouring onion,pour,9,onion,16,['onion'],[16]
P01_01_157,P01,P01_01,00:12:01.540,00:12:02.45,00:12:03.55,43347,43413,put down cutting board,put-down,1,board:cutting,18,['board:cutting'],[18]
P01_01_158,P01,P01_01,00:12:02.540,00:12:03.70,00:12:11.48,43422,43888,stir vegetables,stir,10,vegetable,94,['vegetable'],[94]
P01_01_159,P01,P01_01,00:12:19.370,00:12:10.37,00:12:30.08,43822,45004,still stirring vegetables,stir,10,vegetable,94,['vegetable'],[94]
P01_01_16,P01,P01_01,00:00:46.870,00:00:47.75,00:00:48.76,2865,2925,close cupboard,close,4,cupboard,3,['cupboard'],[3]
P01_01_160,P01,P01_01,00:12:29.000,00:12:30.39,00:12:31.52,45023,45091,take salt,take,0,salt,38,['salt'],[38]
P01_01_161,P01,P01_01,00:12:30.000,00:12:31.62,00:12:33.15,45097,45189,open salt,open,3,salt,38,['salt'],[38]
P01_01_162,P01,P01_01,00:12:31.020,00:12:32.75,00:12:34.00,45165,45240,put down salt,put-down,1,salt,38,['salt'],[38]
P01_01_163,P01,P01_01,00:12:32.020,00:12:33.09,00:12:34.49,45185,45269,open drawer,open,3,drawer,8,['drawer'],[8]
P01_01_164,P01,P01_01,00:12:34.510,00:12:34.95,00:12:36.70,45297,45402,take spoon,take,0,spoon,1,['spoon'],[1]
P01_01_165,P01,P01_01,00:12:36.330,00:12:37.80,00:12:41.59,45468,45695,pour salt onto spoon,pour-onto,9,salt,38,"['salt', 'spoon']","[38, 1]"
P01_01_166,P01,P01_01,00:12:40.260,00:12:42.15,00:12:43.65,45729,45819,pour salt into water,pour-into,9,salt,38,"['salt', 'water']","[38, 27]"
P01_01_167,P01,P01_01,00:12:41.640,00:12:42.73,00:12:44.37,45763,45862,stir water,stir,10,water,27,['water'],[27]
P01_01_168,P01,P01_01,00:12:43.290,00:12:44.91,00:12:45.76,45894,45945,close salt,close,4,salt,38,['salt'],[38]
P01_01_169,P01,P01_01,00:12:44.460,00:12:46.10,00:12:46.78,45966,46006,put down spoon,put-down,1,spoon,1,['spoon'],[1]
P01_01_17,P01,P01_01,00:00:50.360,00:00:51.66,00:00:53.00,3099,3180,open drawer,open,3,drawer,8,['drawer'],[8]
P01_01_170,P01,P01_01,00:12:46.130,00:12:47.50,00:12:49.40,46050,46164,put down salt,put-down,1,salt,38,['salt'],[38]
P01_01_171,P01,P01_01,00:12:48.110,00:12:49.54,00:12:50.27,46172,46216,take spatula,take,0,spatula,20,['spatula'],[20]
P01_01_172,P01,P01_01,00:12:51.740,00:12:50.26,00:12:51.32,46215,46279,stir vegetables,stir,10,vegetable,94,['vegetable'],[94]
P01_01_173,P01,P01_01,00:12:50.660,00:12:51.40,00:12:52.66,46284,46359,adjust hob,adjust,17,hob,24,['hob'],[24]
P01_01_174,P01,P01_01,00:12:49.110,00:12:54.72,00:13:28.26,46483,48495,stir vegetables,stir,10,vegetable,94,['vegetable'],[94]
P01_01_175,P01,P01_01,00:13:06.870,00:12:55.67,00:13:01.63,46540,46897,still stirring vegetables,stir,10,vegetable,94,['vegetable'],[94]
P01_01_176,P01,P01_01,00:13:27.210,00:13:09.33,00:13:39.66,47359,49179,still stirring vegetables,stir,10,vegetable,94,['vegetable'],[94]
P01_01_177,P01,P01_01,00:13:38.450,00:13:39.54,00:13:40.87,49172,49252,put down spatula,put-down,1,spatula,20,['spatula'],[20]
P01_01_178,P01,P01_01,00:13:39.560,00:13:41.22,00:13:42.41,49273,49344,open cupboard,open,3,cupboard,3,['cupboard'],[3]
P01_01_179,P01,P01_01,00:13:43.300,00:13:42.41,00:13:45.17,49344,49510,take something,take,0,cupboard,3,['cupboard'],[3]
P01_01_18,P01,P01_01,00:00:54.670,00:00:53.50,00:00:56.00,3210,3360,take knife,take,0,knife,4,['knife'],[4]
P01_01_180,P01,P01_01,00:13:44.300,00:13:44.28,00:13:45.77,49456,49546,put down something,put-down,1,knife,4,['knife'],[4]
P01_01_181,P01,P01_01,00:13:46.370,00:13:46.91,00:13:48.61,49614,49716,take rice,take,0,rice,55,['rice'],[55]
P01_01_182,P01,P01_01,00:13:51.130,00:13:49.23,00:13:55.31,49753,50118,open rice,open,3,rice,55,['rice'],[55]
P01_01_183,P01,P01_01,00:13:57.640,00:13:59.14,00:14:00.44,50348,50426,put down rice,put-down,1,rice,55,['rice'],[55]
P01_01_184,P01,P01_01,00:13:58.950,00:14:00.71,00:14:01.64,50442,50498,take spatula,take,0,spatula,20,['spatula'],[20]
P01_01_185,P01,P01_01,00:13:59.950,00:14:01.74,00:14:07.27,50504,50836,stir vegetables,stir,10,vegetable,94,['vegetable'],[94]
P01_01_186,P01,P01_01,00:14:14.190,00:14:07.37,00:14:24.11,50842,51846,still stirring vegetables,stir,10,vegetable,94,['vegetable'],[94]
P01_01_187,P01,P01_01,00:14:22.410,00:14:24.26,00:14:25.31,51855,51918,put down spatula,put-down,1,spatula,20,['spatula'],[20]
P01_01_188,P01,P01_01,00:14:24.060,00:14:26.00,00:14:27.27,51960,52036,take tofu,take,0,tofu,81,['tofu'],[81]
P01_01_189,P01,P01_01,00:14:28.250,00:14:29.59,00:14:31.03,52175,52261,take knife,take,0,knife,4,['knife'],[4]
P01_01_19,P01,P01_01,00:00:51.700,00:00:53.55,00:00:54.36,3213,3261,take knife,take,0,knife,4,['knife'],[4]
P01_01_190,P01,P01_01,00:14:31.820,00:14:30.88,00:14:35.11,52252,52506,cut tofu sleeve,cut,7,tofu,81,['tofu'],[81]
P01_01_191,P01,P01_01,00:14:35.750,00:14:35.48,00:14:45.08,52528,53104,open tofu container,open,3,container:tofu,21,['container:tofu'],[21]
P01_01_192,P01,P01_01,00:14:44.190,00:14:45.93,00:14:49.17,53155,53350,pour tofu onto pan,pour-onto,9,tofu,81,"['tofu', 'pan']","[81, 5]"
P01_01_193,P01,P01_01,00:14:45.310,00:14:49.53,00:14:50.92,53371,53455,put down tofu container,put-down,1,container:tofu,21,['container:tofu'],[21]
P01_01_194,P01,P01_01,00:14:49.540,00:14:50.88,00:15:04.28,53452,54256,stir vegetables and tofu,stir,10,vegetable,94,"['vegetable', 'tofu']","[94, 81]"
P01_01_195,P01,P01_01,00:15:02.690,00:15:04.17,00:15:05.18,54250,54310,put down spatula,put-down,1,spatula,20,['spatula'],[20]
P01_01_196,P01,P01_01,00:15:06.260,00:15:05.28,00:15:08.19,54316,54491,take tofu container,take,0,container:tofu,21,['container:tofu'],[21]
P01_01_197,P01,P01_01,00:15:10.040,00:15:09.33,00:15:11.48,54559,54688,throw something into the bin,throw-into,13,bin,36,['bin'],[36]
P01_01_198,P01,P01_01,00:15:07.820,00:15:11.43,00:15:13.59,54685,54815,throw something into the bin,throw-into,13,bin,36,['bin'],[36]
P01_01_199,P01,P01_01,00:15:15.490,00:15:17.61,00:15:18.43,55056,55105,throw tupperware container into the bin,throw-into,13,container:tupperware,23,"['container:tupperware', 'bin']","[23, 36]"
P01_01_2,P01,P01_01,00:00:05.349,00:00:06.98,00:00:09.49,418,569,close door,close,4,door,3,['door'],[3]
P01_01_20,P01,P01_01,00:00:56.670,00:00:54.73,00:00:55.74,3283,3344,put down knife,put-down,1,knife,4,['knife'],[4]
P01_01_200,P01,P01_01,00:15:19.570,00:15:21.64,00:15:22.39,55298,55343,take spatula,take,0,spatula,20,['spatula'],[20]
P01_01_201,P01,P01_01,00:15:20.570,00:15:21.66,00:15:28.69,55299,55721,stir vegetables in tofu,stir,10,vegetable,94,"['vegetable', 'tofu']","[94, 81]"
P01_01_202,P01,P01_01,00:15:27.490,00:15:28.62,00:15:29.95,55717,55797,take rice,take,0,rice,55,['rice'],[55]
P01_01_203,P01,P01_01,00:15:37.010,00:15:31.78,00:15:37.61,55906,56256,pour rice into water,pour-into,9,rice,55,"['rice', 'water']","[55, 27]"
P01_01_204,P01,P01_01,00:15:28.490,00:15:38.46,00:15:42.95,56307,56577,pour rice into water,pour-into,9,rice,55,"['rice', 'water']","[55, 27]"
P01_01_205,P01,P01_01,00:15:46.130,00:15:45.45,00:15:51.60,56727,57096,fold rice bag,fold,28,bag:rice,19,['bag:rice'],[19]
P01_01_206,P01,P01_01,00:15:49.310,00:15:51.70,00:15:53.04,57102,57182,close rice bag,close,4,bag:rice,19,['bag:rice'],[19]
P01_01_207,P01,P01_01,00:15:51.990,00:15:53.95,00:15:55.00,57237,57300,open cupboard,open,3,cupboard,3,['cupboard'],[3]
P01_01_208,P01,P01_01,00:15:52.990,00:15:55.05,00:15:56.87,57303,57412,put rice into cupboard,put-into,5,rice,55,"['rice', 'cupboard']","[55, 3]"
P01_01_209,P01,P01_01,00:15:58.870,00:15:59.28,00:16:09.59,57556,58175,stir vegetables in tofu,stir,10,vegetable,94,"['vegetable', 'tofu']","[94, 81]"
P01_01_21,P01,P01_01,00:00:55.670,00:00:56.10,00:00:56.60,3366,3396,close drawer,close,4,drawer,8,['drawer'],[8]
P01_01_210,P01,P01_01,00:15:57.870,00:15:59.49,00:16:00.51,57569,57630,take spatula,take,0,spatula,20,['spatula'],[20]
P01_01_211,P01,P01_01,00:16:09.660,00:16:10.43,00:16:11.15,58225,58269,take bottle,take,0,bottle,15,['bottle'],[15]
P01_01_212,P01,P01_01,00:16:10.660,00:16:11.25,00:16:11.96,58275,58317,open top,open,3,top,42,['top'],[42]
P01_01_213,P01,P01_01,00:16:13.610,00:16:13.41,00:16:24.80,58404,59088,pour water into bottle,pour-into,9,water,27,"['water', 'bottle']","[27, 15]"
P01_01_214,P01,P01_01,00:16:23.010,00:16:23.64,00:16:25.68,59018,59140,close top,close,4,top,42,['top'],[42]
P01_01_215,P01,P01_01,00:16:24.740,00:16:26.43,00:16:28.16,59185,59289,put bottle onto table,put-onto,1,bottle,15,"['bottle', 'table']","[15, 42]"
P01_01_216,P01,P01_01,00:16:30.280,00:16:29.60,00:16:33.60,59376,59616,take cutlery,take,0,cutlery,58,['cutlery'],[58]
P01_01_217,P01,P01_01,00:16:33.190,00:16:34.54,00:16:37.07,59672,59824,open cupboard,open,3,cupboard,3,['cupboard'],[3]
P01_01_218,P01,P01_01,00:16:36.440,00:16:37.17,00:16:47.93,59830,60475,put cutlery into cupboard,put-into,5,cutlery,58,"['cutlery', 'cupboard']","[58, 3]"
P01_01_219,P01,P01_01,00:16:45.910,00:16:47.68,00:16:49.46,60460,60567,close drawer,close,4,drawer,8,['drawer'],[8]
P01_01_22,P01,P01_01,00:00:53.670,00:00:57.45,00:00:58.70,3447,3522,put down knife,put-down,1,knife,4,['knife'],[4]
P01_01_220,P01,P01_01,00:16:48.350,00:16:49.94,00:16:50.89,60596,60653,take spatula,take,0,spatula,20,['spatula'],[20]
P01_01_221,P01,P01_01,00:16:50.030,00:16:50.90,00:16:58.04,60654,61082,stir vegetables and tofu,stir,10,vegetable,94,"['vegetable', 'tofu']","[94, 81]"
P01_01_222,P01,P01_01,00:16:56.740,00:16:58.21,00:17:00.21,61092,61212,adjust,adjust,17,hob,24,['hob'],[24]
P01_01_223,P01,P01_01,00:17:01.870,00:17:00.56,00:17:05.06,61233,61503,stir vegetables,stir,10,vegetable,94,['vegetable'],[94]
P01_01_224,P01,P01_01,00:17:04.740,00:17:05.41,00:17:12.73,61524,61963,stir rice,stir,10,rice,55,['rice'],[55]
P01_01_225,P01,P01_01,00:17:12.129,00:17:13.60,00:17:14.56,62015,62073,put down spatula,put-down,1,spatula,20,['spatula'],[20]
P01_01_226,P01,P01_01,00:17:14.730,00:17:15.04,00:17:17.63,62102,62257,take spoon,take,0,spoon,1,['spoon'],[1]
P01_01_227,P01,P01_01,00:17:16.279,00:17:16.96,00:17:21.42,62217,62485,take glass,take,0,glass,10,['glass'],[10]
P01_01_228,P01,P01_01,00:17:25.799,00:17:20.23,00:17:28.68,62413,62920,put down,put-down,1,glass,10,['glass'],[10]
P01_01_229,P01,P01_01,00:17:20.669,00:17:21.52,00:17:26.04,62491,62762,put down glass,put-down,1,glass,10,['glass'],[10]
P01_01_23,P01,P01_01,00:00:59.079,00:00:59.05,00:01:02.30,3543,3738,open tap,turn-on,6,tap,0,['tap'],[0]
P01_01_230,P01,P01_01,00:17:24.799,00:17:26.31,00:17:28.40,62778,62904,open drawer,open,3,drawer,8,['drawer'],[8]
P01_01_231,P01,P01_01,00:17:29.220,00:17:31.67,00:17:32.77,63100,63166,take spatula,take,0,spatula,20,['spatula'],[20]
P01_01_232,P01,P01_01,00:17:30.330,00:17:31.88,00:17:47.42,63112,64045,stir vegetables into a bowl,stir-into,10,vegetable,94,"['vegetable', 'bowl']","[94, 7]"
P01_01_233,P01,P01_01,00:17:44.700,00:17:46.54,00:17:47.60,63992,64055,put down spatula,put-down,1,spatula,20,['spatula'],[20]
P01_01_234,P01,P01_01,00:17:52.820,00:17:54.15,00:17:56.28,64449,64576,take container,take,0,container,21,['container'],[21]
P01_01_235,P01,P01_01,00:17:53.820,00:17:55.38,00:17:56.71,64522,64602,open container,open,3,container,21,['container'],[21]
P01_01_236,P01,P01_01,00:17:56.220,00:17:57.10,00:17:58.82,64625,64729,take container out of container,take-out,12,container,21,"['container', 'container']","[21, 21]"
P01_01_237,P01,P01_01,00:17:57.639,00:17:59.03,00:18:03.58,64741,65014,close container,close,4,container,21,['container'],[21]
P01_01_238,P01,P01_01,00:18:00.190,00:18:03.68,00:18:04.55,65020,65073,put container back into cupboard,put,1,container,21,"['container', 'cupboard']","[21, 3]"
P01_01_239,P01,P01_01,00:18:04.429,00:18:06.44,00:18:07.95,65186,65277,take spatula,take,0,spatula,20,['spatula'],[20]
P01_01_24,P01,P01_01,00:01:00.079,00:01:01.86,00:01:05.23,3711,3913,wash courgette,wash,2,courgette,76,['courgette'],[76]
P01_01_240,P01,P01_01,00:18:05.879,00:18:07.48,00:18:12.33,65248,65539,stir rice,stir,10,rice,55,['rice'],[55]
P01_01_241,P01,P01_01,00:18:12.299,00:18:14.25,00:18:23.39,65655,66203,stir vegetables and tofu,stir,10,vegetable,94,"['vegetable', 'tofu']","[94, 81]"
P01_01_242,P01,P01_01,00:18:29.429,00:18:19.02,00:18:51.26,65941,67875,still stirring vegetables and tofu,stir,10,vegetable,94,"['vegetable', 'tofu']","[94, 81]"
P01_01_243,P01,P01_01,00:18:50.129,00:18:51.93,00:18:53.76,67915,68025,put down spatula,put-down,1,spatula,20,['spatula'],[20]
P01_01_244,P01,P01_01,00:19:22.529,00:19:23.09,00:19:31.98,69785,70318,stir vegetables,stir,10,vegetable,94,['vegetable'],[94]
P01_01_245,P01,P01_01,00:19:31.600,00:19:32.15,00:19:38.40,70329,70704,stir rice,stir,10,rice,55,['rice'],[55]
P01_01_246,P01,P01_01,00:19:37.500,00:19:38.58,00:19:40.53,70714,70831,put down spatula,put-down,1,spatula,20,['spatula'],[20]
P01_01_247,P01,P01_01,00:20:04.840,00:19:43.09,00:20:11.97,70985,72718,waiting for rice to be cooked,wait-for,72,rice,55,['rice'],[55]
P01_01_248,P01,P01_01,00:20:12.460,00:20:14.16,00:20:15.40,72849,72924,take spatula,take,0,spatula,20,['spatula'],[20]
P01_01_249,P01,P01_01,00:20:23.120,00:20:15.19,00:20:25.84,72911,73550,put down spatula,put-down,1,spatula,20,['spatula'],[20]
P01_01_25,P01,P01_01,00:01:08.109,00:01:05.20,00:01:13.13,3912,4387,still washing courgette,wash,2,courgette,76,['courgette'],[76]
P01_01_250,P01,P01_01,00:20:13.460,00:20:15.33,00:20:25.72,72919,73543,stir vegetables and tofu,stir,10,vegetable,94,"['vegetable', 'tofu']","[94, 81]"
P01_01_251,P01,P01_01,00:20:24.179,00:20:25.60,00:20:26.60,73536,73596,take spoon,take,0,spoon,1,['spoon'],[1]
P01_01_252,P01,P01_01,00:20:28.610,00:20:27.73,00:20:30.68,73663,73840,scoop rice,scoop,16,rice,55,['rice'],[55]
P01_01_253,P01,P01_01,00:20:29.610,00:20:31.57,00:20:36.04,73894,74162,taste rice,taste,35,rice,55,['rice'],[55]
P01_01_254,P01,P01_01,00:20:36.309,00:20:36.14,00:20:38.93,74168,74335,put down spoon,put-down,1,spoon,1,['spoon'],[1]
P01_01_255,P01,P01_01,00:20:46.289,00:20:47.89,00:20:49.76,74873,74985,open cupboard,open,3,cupboard,3,['cupboard'],[3]
P01_01_256,P01,P01_01,00:20:50.039,00:20:51.05,00:20:52.99,75063,75179,take drainer,take,0,drainer,110,['drainer'],[110]
P01_01_257,P01,P01_01,00:21:02.129,00:21:03.99,00:21:05.35,75839,75921,take glass and bottle,take,0,glass,10,"['glass', 'bottle']","[10, 15]"
P01_01_258,P01,P01_01,00:21:03.140,00:21:05.00,00:21:10.37,75900,76222,pour water onto glass,pour-onto,9,water,27,"['water', 'glass']","[27, 10]"
P01_01_259,P01,P01_01,00:21:08.960,00:21:10.93,00:21:16.66,76255,76599,drink water,drink,60,water,27,['water'],[27]
P01_01_26,P01,P01_01,00:01:12.520,00:01:14.29,00:01:18.89,4457,4733,wash carrot,wash,2,carrot,41,['carrot'],[41]
P01_01_260,P01,P01_01,00:21:10.289,00:21:12.55,00:21:13.96,76353,76437,put down bottle,put-down,1,bottle,15,['bottle'],[15]
P01_01_261,P01,P01_01,00:21:15.580,00:21:16.12,00:21:17.61,76567,76656,put down glass,put-down,1,glass,10,['glass'],[10]
P01_01_262,P01,P01_01,00:21:18.879,00:21:20.72,00:21:21.54,76843,76892,take spatula,take,0,spatula,20,['spatula'],[20]
P01_01_263,P01,P01_01,00:21:19.879,00:21:21.73,00:21:32.70,76903,77562,stir vegetables and tofu,stir,10,vegetable,94,"['vegetable', 'tofu']","[94, 81]"
P01_01_264,P01,P01_01,00:21:31.129,00:21:29.56,00:21:36.27,77373,77776,still stirring vegetables and tofu,stir,10,vegetable,94,"['vegetable', 'tofu']","[94, 81]"
P01_01_265,P01,P01_01,00:21:32.480,00:21:35.96,00:21:36.98,77757,77818,put down spatula,put-down,1,spatula,20,['spatula'],[20]
P01_01_266,P01,P01_01,00:21:42.610,00:21:44.50,00:21:45.45,78270,78327,take spatula,take,0,spatula,20,['spatula'],[20]
P01_01_267,P01,P01_01,00:21:44.830,00:21:46.28,00:21:52.18,78376,78730,stir rice,stir,10,rice,55,['rice'],[55]
P01_01_268,P01,P01_01,00:21:46.399,00:21:51.47,00:21:54.03,78688,78841,put down spatula,put-down,1,spatula,20,['spatula'],[20]
P01_01_269,P01,P01_01,00:22:00.370,00:21:55.88,00:21:58.93,78952,79135,waiting for rice,wait-for,72,rice,55,['rice'],[55]
P01_01_27,P01,P01_01,00:01:18.789,00:01:18.99,00:01:22.79,4739,4967,still washing carrot,wash,2,carrot,41,['carrot'],[41]
P01_01_270,P01,P01_01,00:22:22.269,00:22:20.37,00:22:33.51,80422,81210,still waiting for rice,wait-for,72,rice,55,['rice'],[55]
P01_01_271,P01,P01_01,00:22:32.190,00:22:33.66,00:22:35.47,81219,81328,take spoon,take,0,spoon,1,['spoon'],[1]
P01_01_272,P01,P01_01,00:22:34.200,00:22:35.25,00:22:39.79,81315,81587,scoop rice,scoop,16,rice,55,['rice'],[55]
P01_01_273,P01,P01_01,00:22:37.960,00:22:39.78,00:22:45.40,81586,81924,taste rice,taste,35,rice,55,['rice'],[55]
P01_01_274,P01,P01_01,00:22:45.840,00:22:46.01,00:22:49.61,81960,82176,put down spoon,put-down,1,spoon,1,['spoon'],[1]
P01_01_275,P01,P01_01,00:22:48.830,00:22:49.72,00:22:53.80,82183,82428,turn off hob,turn-off,8,hob,24,['hob'],[24]
P01_01_276,P01,P01_01,00:23:11.860,00:23:12.79,00:23:15.13,83567,83707,take saucepan,take,0,saucepan,5,['saucepan'],[5]
P01_01_277,P01,P01_01,00:23:15.980,00:23:16.56,00:23:21.29,83793,84077,drain saucepan,drain,37,saucepan,5,['saucepan'],[5]
P01_01_278,P01,P01_01,00:23:22.220,00:23:21.98,00:23:28.80,84118,84528,drain rice,drain,37,rice,55,['rice'],[55]
P01_01_279,P01,P01_01,00:23:28.039,00:23:29.67,00:23:33.10,84580,84786,pour rice onto pan,pour-onto,9,rice,55,"['rice', 'pan']","[55, 5]"
P01_01_28,P01,P01_01,00:01:20.469,00:01:22.19,00:01:23.19,4931,4991,close tap,turn-off,8,tap,0,['tap'],[0]
P01_01_280,P01,P01_01,00:23:31.929,00:23:33.00,00:23:34.00,84780,84840,put on drainer,put-on,1,drainer,110,['drainer'],[110]
P01_01_281,P01,P01_01,00:23:33.580,00:23:34.71,00:23:44.23,84882,85453,scoop rice,scoop,16,rice,55,['rice'],[55]
P01_01_282,P01,P01_01,00:23:42.990,00:23:44.20,00:23:45.98,85452,85558,put down saucepan,put-down,1,saucepan,5,['saucepan'],[5]
P01_01_283,P01,P01_01,00:23:44.769,00:23:46.14,00:23:47.80,85568,85668,put down drainer,put-down,1,drainer,110,['drainer'],[110]
P01_01_284,P01,P01_01,00:23:46.759,00:23:48.37,00:23:49.19,85702,85751,put down spatula,put-down,1,spatula,20,['spatula'],[20]
P01_01_285,P01,P01_01,00:23:48.610,00:23:49.49,00:23:50.24,85769,85814,take spatula,take,0,spatula,20,['spatula'],[20]
P01_01_286,P01,P01_01,00:23:49.610,00:23:50.72,00:23:56.34,85843,86180,stir vegetables rice and tofu,stir,10,rice:vegetable,55,"['rice:vegetable', 'tofu']","[55, 81]"
P01_01_287,P01,P01_01,00:23:54.970,00:23:56.35,00:23:57.03,86181,86221,put down spatula,put-down,1,spatula,20,['spatula'],[20]
P01_01_288,P01,P01_01,00:23:58.340,00:23:56.96,00:24:03.62,86217,86617,pour curry powder,pour,9,powder:curry,138,['powder:curry'],[138]
P01_01_289,P01,P01_01,00:23:56.100,00:23:57.14,00:23:57.82,86228,86269,take curry powder,take,0,powder:curry,138,['powder:curry'],[138]
P01_01_29,P01,P01_01,00:01:24.229,00:01:25.49,00:01:26.49,5129,5189,put down vegetables,put-down,1,vegetable,94,['vegetable'],[94]
P01_01_290,P01,P01_01,00:23:57.100,00:23:58.23,00:23:59.16,86293,86349,open curry powder,open,3,powder:curry,138,['powder:curry'],[138]
P01_01_291,P01,P01_01,00:24:01.919,00:24:02.96,00:24:04.06,86577,86643,put down curry powder,put-down,1,powder:curry,138,['powder:curry'],[138]
P01_01_292,P01,P01_01,00:24:02.919,00:24:03.85,00:24:04.93,86631,86695,take spatula,take,0,spatula,20,['spatula'],[20]
P01_01_293,P01,P01_01,00:24:03.919,00:24:04.87,00:24:17.00,86692,87420,stir rice,stir,10,rice,55,['rice'],[55]
P01_01_294,P01,P01_01,00:24:15.080,00:24:15.34,00:24:22.60,87320,87756,still stirring rice,stir,10,rice,55,['rice'],[55]
P01_01_295,P01,P01_01,00:24:37.529,00:24:22.70,00:24:29.94,87762,88196,still stirring rice,stir,10,rice,55,['rice'],[55]
P01_01_296,P01,P01_01,00:25:16.090,00:24:30.04,00:25:05.28,88202,90316,still stirring rice,stir,10,rice,55,['rice'],[55]
P01_01_297,P01,P01_01,00:25:04.210,00:25:04.53,00:25:07.43,90271,90445,turn off hob,turn-off,8,hob,24,['hob'],[24]
P01_01_298,P01,P01_01,00:25:06.899,00:25:08.06,00:25:18.08,90483,91084,stir rice,stir,10,rice,55,['rice'],[55]
P01_01_299,P01,P01_01,00:25:34.769,00:25:18.18,00:25:26.20,91090,91572,still stirring rice,stir,10,rice,55,['rice'],[55]
P01_01_3,P01,P01_01,00:00:11.040,00:00:12.77,00:00:13.99,766,839,open fridge,open,3,fridge,12,['fridge'],[12]
P01_01_30,P01,P01_01,00:01:26.310,00:01:27.43,00:01:28.29,5245,5297,open cupboard,open,3,cupboard,3,['cupboard'],[3]
P01_01_300,P01,P01_01,00:24:51.409,00:25:24.00,00:25:48.50,91440,92910,still stirring rice,stir,10,rice,55,['rice'],[55]
P01_01_301,P01,P01_01,00:25:46.679,00:25:48.75,00:25:49.85,92925,92991,put down spatula,put-down,1,spatula,20,['spatula'],[20]
P01_01_302,P01,P01_01,00:25:49.039,00:25:50.10,00:25:54.13,93006,93247,close curry powder,close,4,powder:curry,138,['powder:curry'],[138]
P01_01_303,P01,P01_01,00:25:52.350,00:25:54.44,00:25:55.19,93266,93311,put curry powder down,put-down,1,powder:curry,138,['powder:curry'],[138]
P01_01_304,P01,P01_01,00:25:54.429,00:25:55.54,00:25:56.79,93332,93407,take container,take,0,container,21,['container'],[21]
P01_01_305,P01,P01_01,00:25:55.970,00:25:56.82,00:25:58.67,93409,93520,take spatula,take,0,spatula,20,['spatula'],[20]
P01_01_306,P01,P01_01,00:25:58.419,00:25:57.62,00:26:02.98,93457,93778,pour rice into container,pour-into,9,rice,55,"['rice', 'container']","[55, 21]"
P01_01_307,P01,P01_01,00:26:10.309,00:26:00.82,00:26:13.78,93649,94426,pour rice into container,pour-into,9,rice,55,"['rice', 'container']","[55, 21]"
P01_01_308,P01,P01_01,00:26:04.700,00:26:02.53,00:26:04.28,93751,93856,scoop rice,scoop,16,rice,55,['rice'],[55]
P01_01_309,P01,P01_01,00:26:05.980,00:26:04.38,00:26:06.13,93862,93967,pour rice into container,pour-into,9,rice,55,"['rice', 'container']","[55, 21]"
P01_01_31,P01,P01_01,00:01:32.149,00:01:32.53,00:01:34.09,5551,5645,take grater,take,0,grater,96,['grater'],[96]
P01_01_310,P01,P01_01,00:26:09.309,00:26:06.48,00:26:08.48,93988,94108,scoop rice,scoop,16,rice,55,['rice'],[55]
P01_01_311,P01,P01_01,00:26:12.289,00:26:13.89,00:26:14.66,94433,94479,put down container,put-down,1,container,21,['container'],[21]
P01_01_312,P01,P01_01,00:26:13.289,00:26:14.19,00:26:15.30,94451,94518,put down spatula,put-down,1,spatula,20,['spatula'],[20]
P01_01_313,P01,P01_01,00:26:14.409,00:26:15.37,00:26:17.29,94522,94637,take plate,take,0,plate,2,['plate'],[2]
P01_01_314,P01,P01_01,00:26:16.220,00:26:17.78,00:26:19.15,94666,94749,put down plate,put-down,1,plate,2,['plate'],[2]
P01_01_315,P01,P01_01,00:26:17.220,00:26:19.22,00:26:20.16,94753,94809,take spatula,take,0,spatula,20,['spatula'],[20]
P01_01_316,P01,P01_01,00:26:19.289,00:26:20.10,00:26:32.56,94806,95553,pour rice onto plate,pour-onto,9,rice,55,"['rice', 'plate']","[55, 2]"
P01_01_317,P01,P01_01,00:26:33.129,00:26:33.88,00:26:39.85,95632,95991,scoop rice,scoop,16,rice,55,['rice'],[55]
P01_01_318,P01,P01_01,00:26:44.389,00:26:40.67,00:26:46.04,96040,96362,scoop rice,scoop,16,rice,55,['rice'],[55]
P01_01_319,P01,P01_01,00:26:46.590,00:26:46.11,00:26:58.12,96366,97087,pour rice into container,pour-into,9,rice,55,"['rice', 'container']","[55, 21]"
P01_01_32,P01,P01_01,00:01:37.630,00:01:35.28,00:01:39.56,5716,5973,take pan,take,0,pan,5,['pan'],[5]
P01_01_320,P01,P01_01,00:26:54.860,00:26:46.24,00:26:58.73,96374,97123,scoop rice,scoop,16,rice,55,['rice'],[55]
P01_01_321,P01,P01_01,00:26:57.749,00:26:58.16,00:27:00.51,97089,97230,put down spatula,put-down,1,spatula,20,['spatula'],[20]
P01_01_322,P01,P01_01,00:26:59.950,00:27:00.99,00:27:03.13,97259,97387,put down pan,put-down,1,pan,5,['pan'],[5]
P01_01_323,P01,P01_01,00:27:04.259,00:27:05.28,00:27:06.96,97516,97617,open tap,turn-on,6,tap,0,['tap'],[0]
P01_01_324,P01,P01_01,00:27:05.639,00:27:07.07,00:27:09.70,97624,97782,washing pan,wash,2,pan,5,['pan'],[5]
P01_01_325,P01,P01_01,00:27:08.710,00:27:10.12,00:27:13.57,97807,98014,wash saucepan,wash,2,saucepan,5,['saucepan'],[5]
P01_01_326,P01,P01_01,00:27:11.720,00:27:13.69,00:27:15.21,98021,98112,wash drainer,wash,2,drainer,110,['drainer'],[110]
P01_01_327,P01,P01_01,00:27:12.820,00:27:14.97,00:27:16.13,98098,98167,close tap,turn-off,8,tap,0,['tap'],[0]
P01_01_328,P01,P01_01,00:27:16.700,00:27:17.63,00:27:19.73,98257,98383,take plate,take,0,plate,2,['plate'],[2]
P01_01_329,P01,P01_01,00:27:18.639,00:27:20.40,00:27:21.69,98424,98501,put down plate,put-down,1,plate,2,['plate'],[2]
P01_01_33,P01,P01_01,00:01:39.149,00:01:40.74,00:01:42.26,6044,6135,put down pan,put-down,1,pan,5,['pan'],[5]
P01_01_34,P01,P01_01,00:01:41.340,00:01:41.66,00:01:42.41,6099,6144,close cupboard,close,4,cupboard,3,['cupboard'],[3]
P01_01_35,P01,P01_01,00:01:40.169,00:01:43.02,00:01:43.77,6181,6226,close cupboard,close,4,cupboard,3,['cupboard'],[3]
P01_01_36,P01,P01_01,00:01:43.579,00:01:44.10,00:01:45.22,6246,6313,take courgette,take,0,courgette,76,['courgette'],[76]
P01_01_37,P01,P01_01,00:01:44.579,00:01:45.69,00:02:02.03,6341,7321,cut courgette,cut,7,courgette,76,['courgette'],[76]
P01_01_38,P01,P01_01,00:02:04.479,00:02:02.13,00:02:06.98,7327,7618,turn on hob,turn-on,6,hob,24,['hob'],[24]
P01_01_39,P01,P01_01,00:02:05.479,00:02:07.80,00:02:24.89,7668,8693,cut courgette,cut,7,courgette,76,['courgette'],[76]
P01_01_4,P01,P01_01,00:00:13.360,00:00:15.25,00:00:16.40,915,983,take celery,take,0,celery,223,['celery'],[223]
P01_01_40,P01,P01_01,00:02:17.530,00:02:10.99,00:02:25.79,7859,8747,still cutting courgette,cut,7,courgette,76,['courgette'],[76]
P01_01_41,P01,P01_01,00:02:30.379,00:02:30.53,00:02:45.65,9031,9939,dicing courgette,dice,7,courgette,76,['courgette'],[76]
P01_01_42,P01,P01_01,00:02:48.780,00:02:45.75,00:03:00.28,9945,10816,still dicing courgette,dice,7,courgette,76,['courgette'],[76]
P01_01_43,P01,P01_01,00:02:50.170,00:03:00.38,00:03:13.90,10822,11634,still dicing courgette,dice,7,courgette,76,['courgette'],[76]
P01_01_44,P01,P01_01,00:03:41.969,00:03:59.04,00:04:08.81,14342,14928,still dicing courgette,dice,7,courgette,76,['courgette'],[76]
P01_01_45,P01,P01_01,00:04:08.370,00:04:10.05,00:04:17.87,15003,15472,pour courgette onto pan,pour-onto,9,courgette,76,"['courgette', 'pan']","[76, 5]"
P01_01_46,P01,P01_01,00:04:21.120,00:04:21.69,00:04:24.65,15701,15878,throw courgette into rubbish bin,throw-into,13,courgette,76,"['courgette', 'bin:rubbish']","[76, 36]"
P01_01_47,P01,P01_01,00:04:23.199,00:04:25.06,00:04:26.44,15903,15986,open drawer,open,3,drawer,8,['drawer'],[8]
P01_01_48,P01,P01_01,00:04:26.970,00:04:28.57,00:04:29.24,16114,16154,close drawer,close,4,drawer,8,['drawer'],[8]
P01_01_49,P01,P01_01,00:04:29.020,00:04:30.43,00:04:32.16,16225,16329,take spatula,take,0,spatula,20,['spatula'],[20]
P01_01_5,P01,P01_01,00:00:14.990,00:00:16.50,00:00:18.06,990,1083,take container,take,0,container,21,['container'],[21]
P01_01_50,P01,P01_01,00:04:30.389,00:04:32.08,00:04:37.85,16324,16671,stir courgette,stir,10,courgette,76,['courgette'],[76]
P01_01_51,P01,P01_01,00:04:38.840,00:04:39.60,00:04:41.35,16776,16881,take salt,take,0,salt,38,['salt'],[38]
P01_01_52,P01,P01_01,00:04:39.900,00:04:41.45,00:04:42.93,16887,16975,open salt,open,3,salt,38,['salt'],[38]
P01_01_53,P01,P01_01,00:04:41.440,00:04:42.80,00:04:45.05,16968,17103,pour salt onto pan,pour-onto,9,salt,38,"['salt', 'pan']","[38, 5]"
P01_01_54,P01,P01_01,00:04:42.720,00:04:45.15,00:04:46.79,17109,17207,put down salt,put-down,1,salt,38,['salt'],[38]
P01_01_55,P01,P01_01,00:04:46.280,00:04:47.86,00:04:54.25,17271,17655,stir courgette,stir,10,courgette,76,['courgette'],[76]
P01_01_56,P01,P01_01,00:04:52.960,00:04:54.35,00:04:55.60,17661,17736,put down spatula,put-down,1,spatula,20,['spatula'],[20]
P01_01_57,P01,P01_01,00:04:54.630,00:04:55.70,00:04:59.70,17742,17982,take celery,take,0,celery,223,['celery'],[223]
P01_01_58,P01,P01_01,00:05:08.360,00:05:01.25,00:05:15.50,18075,18930,still washing celery,wash,2,celery,223,['celery'],[223]
P01_01_59,P01,P01_01,00:05:00.050,00:05:01.30,00:05:03.46,18078,18207,open tap,turn-on,6,tap,0,['tap'],[0]
P01_01_6,P01,P01_01,00:00:18.850,00:00:18.19,00:00:21.14,1091,1268,take tofu,take,0,tofu,81,['tofu'],[81]
P01_01_60,P01,P01_01,00:05:01.080,00:05:03.56,00:05:15.49,18213,18929,wash celery,wash,2,celery,223,['celery'],[223]
P01_01_61,P01,P01_01,00:05:13.669,00:05:15.03,00:05:15.94,18901,18956,close tap,turn-off,8,tap,0,['tap'],[0]
P01_01_62,P01,P01_01,00:05:17.229,00:05:18.25,00:05:20.00,19095,19200,put down celery,put-down,1,celery,223,['celery'],[223]
P01_01_63,P01,P01_01,00:05:20.050,00:05:22.78,00:05:28.18,19366,19690,cut celery,cut,7,celery,223,['celery'],[223]
P01_01_64,P01,P01_01,00:05:32.240,00:05:28.28,00:05:38.07,19696,20284,still cutting celery,cut,7,celery,223,['celery'],[223]
P01_01_65,P01,P01_01,00:05:41.349,00:05:41.64,00:05:46.21,20498,20772,pour celery onto pan,pour-onto,9,celery,223,"['celery', 'pan']","[223, 5]"
P01_01_66,P01,P01_01,00:05:44.470,00:05:46.01,00:05:47.67,20760,20860,put down cutting board and knife,put-down,1,board:cutting,18,"['board:cutting', 'knife']","[18, 4]"
P01_01_67,P01,P01_01,00:05:51.870,00:05:47.33,00:05:53.79,20839,21227,take celery,take,0,celery,223,['celery'],[223]
P01_01_68,P01,P01_01,00:05:53.169,00:05:54.09,00:05:58.44,21245,21506,throw things into garbage bin,throw-into,13,bin:garbage,36,['bin:garbage'],[36]
P01_01_69,P01,P01_01,00:05:58.319,00:06:00.21,00:06:01.84,21612,21710,open fridge,open,3,fridge,12,['fridge'],[12]
P01_01_7,P01,P01_01,00:00:20.410,00:00:21.91,00:00:23.33,1314,1399,close fridge,close,4,fridge,12,['fridge'],[12]
P01_01_70,P01,P01_01,00:05:59.990,00:06:00.76,00:06:03.07,21645,21784,put celery back into fridge,put-into,5,celery,223,"['celery', 'fridge']","[223, 12]"
P01_01_71,P01,P01_01,00:06:01.800,00:06:03.07,00:06:04.15,21784,21849,close fridge,close,4,fridge,12,['fridge'],[12]
P01_01_72,P01,P01_01,00:06:06.080,00:06:07.34,00:06:08.34,22040,22100,take spatula,take,0,spatula,20,['spatula'],[20]
P01_01_73,P01,P01_01,00:06:07.080,00:06:08.37,00:06:18.03,22102,22681,stir something,stir,10,spatula,20,['spatula'],[20]
P01_01_74,P01,P01_01,00:06:16.289,00:06:17.83,00:06:19.31,22669,22758,put down spatula,put-down,1,spatula,20,['spatula'],[20]
P01_01_75,P01,P01_01,00:06:18.020,00:06:19.26,00:06:21.20,22755,22872,open container,open,3,container,21,['container'],[21]
P01_01_76,P01,P01_01,00:06:22.840,00:06:21.53,00:06:24.85,22891,23091,take onion,take,0,onion,16,['onion'],[16]
P01_01_77,P01,P01_01,00:06:20.099,00:06:24.01,00:06:24.76,23040,23085,take onion,take,0,onion,16,['onion'],[16]
P01_01_78,P01,P01_01,00:06:23.840,00:06:24.86,00:06:25.58,23091,23134,put down onion,put-down,1,onion,16,['onion'],[16]
P01_01_79,P01,P01_01,00:06:26.810,00:06:25.48,00:06:28.37,23128,23302,close container,close,4,container,21,['container'],[21]
P01_01_8,P01,P01_01,00:00:21.650,00:00:23.18,00:00:24.29,1390,1457,open fridge,open,3,fridge,12,['fridge'],[12]
P01_01_80,P01,P01_01,00:06:27.810,00:06:30.52,00:06:31.28,23431,23476,take spatula,take,0,spatula,20,['spatula'],[20]
P01_01_81,P01,P01_01,00:06:29.470,00:06:30.95,00:06:32.13,23457,23527,take knife,take,0,knife,4,['knife'],[4]
P01_01_82,P01,P01_01,00:06:30.470,00:06:32.59,00:06:38.75,23555,23925,cut onion,cut,7,onion,16,['onion'],[16]
P01_01_83,P01,P01_01,00:06:50.509,00:06:35.40,00:06:47.03,23724,24421,still cutting onion,cut,7,onion,16,['onion'],[16]
P01_01_84,P01,P01_01,00:06:39.710,00:06:48.39,00:07:02.18,24503,25330,still cutting onion,cut,7,onion,16,['onion'],[16]
P01_01_85,P01,P01_01,00:07:04.300,00:07:04.69,00:07:06.42,25481,25585,put down knife,put-down,1,knife,4,['knife'],[4]
P01_01_86,P01,P01_01,00:07:06.479,00:07:06.95,00:07:09.35,25617,25761,take kettle,take,0,kettle,44,['kettle'],[44]
P01_01_87,P01,P01_01,00:07:09.080,00:07:09.74,00:07:13.81,25784,26028,open tap,turn-on,6,tap,0,['tap'],[0]
P01_01_88,P01,P01_01,00:07:10.080,00:07:09.91,00:07:17.77,25794,26266,pour water into kettle,pour-into,9,water,27,"['water', 'kettle']","[27, 44]"
P01_01_89,P01,P01_01,00:07:18.189,00:07:17.00,00:07:23.16,26220,26589,still pouring water,pour,9,water,27,['water'],[27]
P01_01_9,P01,P01_01,00:00:24.490,00:00:24.48,00:00:27.94,1468,1676,take carrots and,take,0,carrot,41,['carrot'],[41]
P01_01_90,P01,P01_01,00:07:19.930,00:07:21.50,00:07:22.25,26490,26535,close tap,turn-off,8,tap,0,['tap'],[0]
P01_01_91,P01,P01_01,00:07:23.979,00:07:25.11,00:07:27.13,26706,26827,turn kettle on,turn-on,6,kettle,44,['kettle'],[44]
P01_01_92,P01,P01_01,00:07:28.199,00:07:30.08,00:07:30.80,27004,27048,take spatula,take,0,spatula,20,['spatula'],[20]
P01_01_93,P01,P01_01,00:07:29.870,00:07:30.55,00:07:38.30,27033,27498,stir vegetables,stir,10,vegetable,94,['vegetable'],[94]
P01_01_94,P01,P01_01,00:07:41.470,00:07:35.57,00:07:44.74,27334,27884,still stirring vegetables,stir,10,vegetable,94,['vegetable'],[94]
P01_01_95,P01,P01_01,00:07:47.669,00:07:47.50,00:07:48.55,28050,28113,take glass,take,0,glass,10,['glass'],[10]
P01_01_96,P01,P01_01,00:07:46.520,00:07:49.14,00:07:50.32,28148,28219,take glass,take,0,glass,10,['glass'],[10]
P01_01_97,P01,P01_01,00:07:49.680,00:07:51.45,00:07:52.70,28287,28362,open cupboard,open,3,cupboard,3,['cupboard'],[3]
P01_01_98,P01,P01_01,00:07:52.020,00:07:54.18,00:07:57.23,28450,28633,put glass into cupboard,put-into,5,glass,10,"['glass', 'cupboard']","[10, 3]"
P01_01_99,P01,P01_01,00:07:55.560,00:07:56.74,00:07:59.32,28604,28759,close cupboard,close,4,cupboard,3,['cupboard'],[3]
